{"stats":{"minecraft:picked_up":{"minecraft:arrow":1,"minecraft:leather":2,"minecraft:lead":1,"minecraft:oak_log":8,"minecraft:oak_sapling":1,"minecraft:oak_planks":1,"minecraft:dirt":16},"minecraft:killed_by":{"minecraft:spider":2,"minecraft:player":4},"minecraft:crafted":{"minecraft:oak_planks":32,"minecraft:stick":4,"minecraft:wooden_axe":1},"minecraft:dropped":{"minecraft:leather":2,"minecraft:arrow":1},"minecraft:mined":{"minecraft:grass":6,"minecraft:acacia_log":1,"minecraft:oak_log":9,"minecraft:oak_planks":1,"minecraft:oak_leaves":1},"minecraft:killed":{"minecraft:trader_llama":1,"minecraft:player":3},"minecraft:used":{"minecraft:wooden_axe":18,"minecraft:oak_planks":1},"minecraft:custom":{"minecraft:time_since_rest":1158,"minecraft:crouch_one_cm":2058,"minecraft:damage_taken":1815,"minecraft:play_time":24066,"minecraft:sprint_one_cm":63274,"minecraft:walk_one_cm":31302,"minecraft:deaths":7,"minecraft:sneak_time":1225,"minecraft:walk_under_water_one_cm":150,"minecraft:mob_kills":1,"minecraft:drop":2,"minecraft:jump":802,"minecraft:damage_dealt":1029,"minecraft:leave_game":6,"minecraft:time_since_death":810,"minecraft:walk_on_water_one_cm":134,"minecraft:total_world_time":24066,"minecraft:swim_one_cm":1270,"minecraft:interact_with_crafting_table":1,"minecraft:fly_one_cm":140796,"minecraft:talked_to_villager":1,"minecraft:fall_one_cm":29603,"minecraft:player_kills":3}},"DataVersion":3465}