{"stats":{"minecraft:picked_up":{"minecraft:wooden_axe":1,"minecraft:wheat":190,"minecraft:chainmail_boots":1,"minecraft:diamond_sword":1,"minecraft:potion":1,"betternether:birch_chair":3,"minecraft:string":54,"minecraft:raw_copper":12,"minecraft:armor_stand":4,"minecraft:pufferfish":4,"minecraft:diamond_leggings":1,"minecraft:cobbled_deepslate":67,"minecraft:white_tulip":3,"minecraft:smooth_quartz":2,"minecraft:melon_slice":73,"minecraft:furnace":14,"minecraft:iron_boots":1,"minecraft:stick":51,"minecraft:torch":21,"minecraft:acacia_log":47,"minecraft:porkchop":35,"minecraft:vine":7,"minecraft:orange_bed":7,"minecraft:stone_sword":1,"minecraft:rotten_flesh":41,"minecraft:obsidian":10,"minecraft:cod":2,"minecraft:cobblestone":142,"minecraft:birch_log":36,"minecraft:cooked_beef":3,"minecraft:feather":7,"minecraft:andesite":42,"minecraft:jungle_log":209,"betternether:birch_taburet":2,"minecraft:jungle_wood":18,"minecraft:chiseled_quartz_block":1,"minecraft:smoker":3,"minecraft:flint":11,"minecraft:tuff":1,"minecraft:acacia_boat":3,"minecraft:gray_concrete":6,"minecraft:dirt":131,"minecraft:bone":35,"minecraft:acacia_planks":61,"minecraft:bow":7,"minecraft:wheat_seeds":561,"minecraft:orange_tulip":16,"minecraft:raw_gold":37,"minecraft:diamond_helmet":1,"minecraft:moss_block":4,"minecraft:oak_planks":14,"minecraft:cooked_porkchop":18,"minecraft:sand":7,"minecraft:jungle_planks":73,"minecraft:cyan_bed":4,"minecraft:jungle_slab":2,"minecraft:dark_oak_log":7,"minecraft:mossy_cobblestone":14,"minecraft:dark_prismarine":3,"minecraft:jungle_leaves":618,"minecraft:light_gray_concrete":2,"minecraft:light_gray_terracotta":1,"minecraft:diamond":156,"minecraft:grass":12,"minecraft:golden_apple":1,"minecraft:emerald":1,"minecraft:bread":40,"minecraft:oak_sapling":36,"minecraft:netherrack":1,"minecraft:bricks":7,"minecraft:oak_leaves":458,"minecraft:andesite_slab":2,"minecraft:diamond_pickaxe":1,"minecraft:fishing_rod":3,"minecraft:coarse_dirt":5,"minecraft:crafting_table":10,"minecraft:chicken":8,"minecraft:ladder":4,"minecraft:clay_ball":6,"minecraft:brown_mushroom":1,"minecraft:wooden_pickaxe":3,"friendsandfoes:totem_of_illusion":1,"minecraft:gold_block":1,"minecraft:shield":1,"minecraft:jungle_trapdoor":6,"minecraft:iron_axe":2,"minecraft:blackstone":867,"minecraft:beef":22,"minecraft:spruce_slab":1,"minecraft:light_gray_wool":2,"minecraft:jungle_sapling":6,"minecraft:poppy":1,"minecraft:sugar_cane":1,"minecraft:birch_sapling":12,"minecraft:egg":5,"minecraft:raw_iron":176,"minecraft:stone":10,"minecraft:copper_ingot":2,"minecraft:carrot":9,"minecraft:dark_oak_planks":3,"inmis:gilded_backpack":1,"minecraft:tnt":7,"inmis:frayed_backpack":1,"minecraft:diamond_chestplate":1,"minecraft:arrow":55,"minecraft:shears":3,"minecraft:diamond_boots":1,"minecraft:hay_block":1,"minecraft:saddle":1,"minecraft:gold_ingot":5,"gravestones:gravestone":6,"minecraft:mutton":29,"minecraft:bone_block":45,"inmis:bejeweled_backpack":2,"minecraft:skeleton_skull":1,"minecraft:white_wool":16,"minecraft:stripped_oak_log":1,"minecraft:glow_ink_sac":6,"minecraft:salmon":1,"minecraft:cut_sandstone":60,"minecraft:leather":14,"minecraft:fern":1,"minecraft:jungle_fence":2,"minecraft:red_mushroom":1,"minecraft:oak_log":42,"mcwroofs:jungle_attic_roof":7,"minecraft:gunpowder":3,"minecraft:apple":13,"minecraft:stone_bricks":1,"minecraft:kelp":24,"minecraft:iron_ingot":4,"minecraft:stone_pickaxe":1,"minecraft:glass_bottle":3,"minecraft:acacia_sapling":4,"minecraft:oak_slab":2,"minecraft:smooth_basalt":18,"minecraft:sweet_berries":24,"minecraft:chiseled_stone_bricks":2,"minecraft:dandelion":4,"minecraft:gravel":119,"minecraft:blast_furnace":3,"minecraft:white_bed":12,"minecraft:spider_eye":7,"betternether:jungle_chair":1,"minecraft:iron_helmet":1,"minecraft:diamond_axe":1,"minecraft:gray_wool":1,"minecraft:melon_seeds":4,"minecraft:black_wool":2,"minecraft:coal":126,"minecraft:ender_pearl":2},"minecraft:dropped":{"minecraft:moss_block":4,"minecraft:cooked_beef":4,"minecraft:glass_bottle":3,"minecraft:ender_pearl":1,"minecraft:diamond":91,"minecraft:cooked_porkchop":6,"minecraft:orange_tulip":16,"minecraft:leather":6,"minecraft:dark_oak_button":24,"minecraft:jungle_planks":1,"minecraft:emerald":2,"minecraft:flint":2,"minecraft:dirt":10,"minecraft:gray_concrete":6,"minecraft:grass":5,"minecraft:dark_oak_log":1,"minecraft:cut_sandstone":58,"minecraft:jungle_sapling":5,"minecraft:birch_log":7,"minecraft:fishing_rod":6,"minecraft:white_wool":8,"minecraft:gold_ingot":7,"minecraft:bone":24,"minecraft:gravel":4,"minecraft:white_tulip":3,"minecraft:stone_axe":1,"minecraft:blackstone":255,"minecraft:sugar_cane":1,"minecraft:cobbled_deepslate":13,"minecraft:andesite_slab":2,"minecraft:birch_sapling":7,"minecraft:rotten_flesh":39,"minecraft:oak_planks":13,"minecraft:fern":1,"minecraft:white_bed":1,"minecraft:poppy":1,"minecraft:gunpowder":4,"minecraft:melon_seeds":4,"minecraft:jungle_log":1,"minecraft:spruce_slab":1,"minecraft:arrow":33,"minecraft:oak_leaves":42,"minecraft:netherrack":1,"minecraft:iron_ingot":5,"minecraft:vine":4,"minecraft:wheat_seeds":38,"minecraft:mossy_cobblestone":13,"minecraft:feather":7,"minecraft:cobblestone":6,"minecraft:apple":1,"minecraft:copper_ingot":2,"minecraft:stick":35,"minecraft:pufferfish":3,"minecraft:wooden_axe":1,"minecraft:smooth_quartz":2,"minecraft:potion":2,"minecraft:jungle_leaves":9,"minecraft:iron_axe":1,"minecraft:orange_bed":1,"minecraft:string":11,"minecraft:smooth_basalt":18,"minecraft:dandelion":4,"minecraft:bricks":3,"minecraft:kelp":24,"minecraft:chiseled_quartz_block":1,"minecraft:stone_sword":1,"minecraft:raw_iron":56,"minecraft:clay_ball":6,"minecraft:light_gray_concrete":2,"gravestones:gravestone":2,"minecraft:orange_wool":2,"minecraft:shears":12,"minecraft:diamond_sword":1,"minecraft:stone":2,"mcwroofs:jungle_attic_roof":2,"minecraft:iron_chestplate":3,"minecraft:oak_sapling":23,"minecraft:spider_eye":4,"minecraft:bow":5,"minecraft:stone_pickaxe":1,"minecraft:wooden_pickaxe":3,"minecraft:dark_prismarine":3},"minecraft:mined":{"minecraft:dark_oak_planks":3,"minecraft:white_bed":8,"minecraft:jungle_slab":3,"minecraft:jungle_leaves":489,"minecraft:obsidian":10,"minecraft:cave_vines_plant":1,"minecraft:acacia_log":56,"minecraft:grass_block":80,"minecraft:jungle_log":181,"minecraft:chiseled_stone_bricks":2,"minecraft:spawner":3,"minecraft:magma_block":11,"minecraft:iron_ore":109,"minecraft:cobbled_deepslate":2,"minecraft:fire":19,"minecraft:cave_vines":1,"minecraft:light_gray_concrete":1,"minecraft:orange_bed":4,"minecraft:jungle_trapdoor":6,"minecraft:cut_sandstone":29,"minecraft:blackstone":885,"minecraft:smoker":3,"minecraft:chiseled_quartz_block":1,"minecraft:torch":11,"minecraft:blast_furnace":3,"minecraft:poppy":1,"minecraft:melon":12,"minecraft:dead_bush":2,"minecraft:mushroom_stem":1,"minecraft:cobblestone":41,"minecraft:cyan_bed":4,"minecraft:oak_planks":14,"minecraft:bricks":7,"minecraft:iron_door":1,"betternether:birch_chair":3,"minecraft:wall_torch":8,"minecraft:birch_sapling":1,"minecraft:skeleton_skull":1,"minecraft:seagrass":1,"minecraft:jungle_wood":10,"minecraft:light_gray_stained_glass":3,"minecraft:birch_log":37,"minecraft:wheat":194,"minecraft:tnt":5,"minecraft:orange_tulip":17,"minecraft:grass":94,"minecraft:infested_mossy_stone_bricks":1,"minecraft:oak_log":55,"minecraft:smooth_quartz":3,"minecraft:sand":7,"minecraft:dirt":48,"minecraft:infested_cracked_stone_bricks":2,"minecraft:smooth_basalt":6,"minecraft:netherrack":1,"minecraft:oak_leaves":257,"minecraft:deepslate":64,"minecraft:dark_prismarine":3,"minecraft:tuff":1,"minecraft:mossy_cobblestone":11,"minecraft:deepslate_diamond_ore":141,"minecraft:dark_oak_log":6,"minecraft:jungle_planks":69,"minecraft:red_mushroom":1,"minecraft:moss_block":7,"minecraft:kelp":1,"minecraft:large_fern":4,"minecraft:hay_block":1,"minecraft:black_stained_glass_pane":2,"minecraft:furnace":14,"minecraft:andesite":38,"betternether:birch_taburet":3,"minecraft:gold_block":1,"minecraft:deepslate_iron_ore":49,"minecraft:vine":20,"mcwroofs:jungle_attic_roof":2,"minecraft:stripped_oak_log":1,"minecraft:white_tulip":4,"minecraft:stone":87,"minecraft:bone_block":48,"minecraft:white_wool":13,"gravestones:gravestone":3,"minecraft:gray_concrete":6,"minecraft:dandelion":4,"minecraft:crafting_table":10,"minecraft:andesite_slab":1,"minecraft:tall_grass":18,"minecraft:copper_ore":3,"minecraft:deepslate_coal_ore":8,"minecraft:deepslate_gold_ore":37,"minecraft:lily_pad":1,"betternether:jungle_chair":1,"minecraft:birch_planks":1,"minecraft:coarse_dirt":5,"minecraft:sweet_berry_bush":4,"minecraft:birch_leaves":3,"minecraft:coal_ore":117,"minecraft:gravel":113,"minecraft:cobweb":29,"minecraft:acacia_planks":15,"minecraft:stone_bricks":2,"minecraft:small_dripleaf":2,"minecraft:fern":12},"minecraft:custom":{"minecraft:interact_with_crafting_table":117,"minecraft:open_barrel":17,"minecraft:leave_game":17,"minecraft:time_since_death":70368,"minecraft:sprint_one_cm":1993045,"minecraft:damage_blocked_by_shield":3095,"minecraft:drop":224,"minecraft:play_noteblock":1,"minecraft:talked_to_villager":13,"minecraft:play_time":678674,"minecraft:deaths":52,"minecraft:jump":15251,"minecraft:walk_on_water_one_cm":57410,"minecraft:interact_with_furnace":107,"minecraft:traded_with_villager":6,"minecraft:sleep_in_bed":35,"minecraft:damage_dealt":32539,"minecraft:player_kills":18,"minecraft:crouch_one_cm":223937,"minecraft:interact_with_smoker":24,"minecraft:mob_kills":161,"minecraft:climb_one_cm":205719,"minecraft:walk_one_cm":690011,"minecraft:sneak_time":88800,"minecraft:walk_under_water_one_cm":59128,"minecraft:boat_one_cm":208557,"minecraft:interact_with_blast_furnace":8,"minecraft:total_world_time":678674,"minecraft:time_since_rest":26344,"minecraft:damage_taken":26121,"minecraft:trigger_trapped_chest":2,"minecraft:swim_one_cm":226746,"minecraft:fly_one_cm":2877700,"minecraft:open_chest":216,"minecraft:fish_caught":5,"minecraft:fall_one_cm":577978},"minecraft:used":{"minecraft:iron_shovel":72,"minecraft:ladder":13,"minecraft:chest":2,"betternether:birch_taburet":3,"minecraft:shield":125,"minecraft:stone":8,"minecraft:iron_sword":107,"minecraft:grass":7,"minecraft:iron_chestplate":5,"minecraft:mutton":22,"minecraft:jungle_planks":167,"minecraft:carrot":28,"minecraft:acacia_sapling":4,"minecraft:tuff":1,"minecraft:jungle_sapling":1,"minecraft:glass":6,"minecraft:lava_bucket":1,"minecraft:bricks":4,"minecraft:birch_sapling":5,"minecraft:iron_helmet":2,"minecraft:stone_bricks":1,"minecraft:bow":20,"minecraft:sweet_berries":15,"minecraft:oak_sapling":6,"minecraft:furnace":16,"minecraft:egg":5,"betternether:birch_chair":5,"minecraft:diamond_boots":1,"minecraft:oak_planks":14,"minecraft:stone_pickaxe":39,"minecraft:blackstone":38,"minecraft:ender_pearl":1,"minecraft:wooden_pickaxe":54,"minecraft:diamond_axe":34,"minecraft:oak_leaves":416,"minecraft:white_wool":14,"minecraft:sand":1,"minecraft:blast_furnace":2,"minecraft:shears":733,"minecraft:lever":1,"minecraft:melon_slice":68,"minecraft:bread":67,"minecraft:cyan_bed":3,"minecraft:gravel":90,"minecraft:pufferfish":1,"minecraft:diamond_sword":216,"minecraft:chainmail_boots":1,"minecraft:andesite":8,"minecraft:coarse_dirt":5,"minecraft:bone_meal":432,"minecraft:experience_bottle":3,"minecraft:jungle_leaves":538,"minecraft:stone_sword":101,"minecraft:armor_stand":4,"betternether:jungle_chair":3,"minecraft:cooked_chicken":3,"minecraft:orange_bed":7,"minecraft:torch":183,"minecraft:dirt":113,"minecraft:diamond_helmet":1,"minecraft:jungle_trapdoor":6,"minecraft:dark_oak_planks":2,"minecraft:wooden_axe":113,"minecraft:iron_axe":411,"gravestones:gravestone":3,"minecraft:jungle_log":1,"minecraft:iron_boots":4,"minecraft:light_gray_wool":2,"minecraft:diamond_chestplate":1,"minecraft:beef":18,"minecraft:goat_horn":6,"minecraft:cooked_beef":33,"minecraft:cobbled_deepslate":12,"minecraft:acacia_planks":64,"minecraft:iron_leggings":2,"minecraft:wheat_seeds":274,"minecraft:cooked_mutton":16,"minecraft:acacia_boat":5,"minecraft:water_bucket":75,"minecraft:cut_sandstone":2,"minecraft:brown_mushroom":1,"minecraft:fletching_table":2,"minecraft:salmon":1,"minecraft:jungle_wood":20,"minecraft:mossy_cobblestone":1,"minecraft:vine":3,"minecraft:tnt":7,"minecraft:oak_slab":2,"minecraft:crafting_table":25,"minecraft:red_mushroom":1,"minecraft:white_bed":10,"minecraft:cod":2,"minecraft:smoker":5,"minecraft:wooden_hoe":91,"minecraft:black_wool":2,"minecraft:diamond_pickaxe":875,"minecraft:apple":12,"minecraft:chicken":5,"minecraft:iron_pickaxe":874,"minecraft:stone_axe":100,"minecraft:chiseled_stone_bricks":2,"minecraft:fishing_rod":160,"minecraft:cobblestone":52,"minecraft:potion":1,"minecraft:porkchop":10,"minecraft:cooked_porkchop":21,"mcwroofs:jungle_attic_roof":39,"minecraft:bucket":79,"minecraft:gray_wool":1,"minecraft:diamond_leggings":1,"minecraft:splash_potion":1},"minecraft:killed":{"minecraft:cave_spider":2,"minecraft:spider":11,"minecraft:skeleton":39,"friendsandfoes:glare":1,"minecraft:chicken":6,"minecraft:silverfish":2,"minecraft:pig":7,"minecraft:creeper":1,"minecraft:sheep":13,"minecraft:pillager":8,"minecraft:donkey":1,"minecraft:zombie":28,"minecraft:cow":7,"minecraft:horse":12,"friendsandfoes:mauler":2,"minecraft:drowned":1,"friendsandfoes:copper_golem":1,"minecraft:husk":5,"minecraft:player":13,"minecraft:villager":2,"minecraft:enderman":1},"minecraft:crafted":{"minecraft:smooth_stone":6,"minecraft:oak_planks":152,"minecraft:cooked_chicken":3,"minecraft:birch_slab":6,"minecraft:stone":16,"minecraft:lever":1,"minecraft:cooked_mutton":16,"minecraft:glass":23,"minecraft:chest":3,"minecraft:smoker":4,"mcwroofs:jungle_attic_roof":34,"minecraft:emerald":6,"minecraft:cooked_porkchop":9,"minecraft:crafting_table":16,"minecraft:wooden_pickaxe":2,"minecraft:fletching_table":2,"minecraft:birch_planks":116,"minecraft:wooden_hoe":2,"minecraft:iron_chestplate":1,"minecraft:diamond_pickaxe":1,"minecraft:charcoal":5,"inmis:plated_backpack":1,"minecraft:shield":2,"minecraft:stick":360,"minecraft:iron_ingot":87,"minecraft:iron_pickaxe":3,"minecraft:stone_sword":1,"minecraft:gold_ingot":17,"inmis:frayed_backpack":1,"minecraft:shears":14,"minecraft:fishing_rod":7,"inmis:gilded_backpack":1,"minecraft:furnace":10,"minecraft:blast_furnace":2,"inmis:bejeweled_backpack":1,"minecraft:bone_meal":432,"minecraft:iron_axe":2,"minecraft:ladder":12,"minecraft:stone_pickaxe":1,"minecraft:dark_oak_planks":24,"minecraft:wheat":9,"minecraft:cooked_beef":34,"minecraft:coal_block":4,"betternether:birch_taburet":1,"minecraft:diamond_sword":2,"minecraft:jungle_wood":12,"minecraft:iron_sword":1,"minecraft:dark_oak_button":24,"minecraft:bucket":2,"minecraft:stone_axe":1,"minecraft:jungle_slab":6,"betternether:birch_chair":2,"minecraft:acacia_boat":3,"minecraft:bread":66,"minecraft:air":0,"minecraft:jungle_planks":348,"minecraft:white_wool":10,"minecraft:wooden_axe":2,"minecraft:iron_shovel":1,"minecraft:iron_leggings":1,"minecraft:white_bed":1,"betternether:jungle_chair":2,"minecraft:acacia_planks":168,"minecraft:torch":180,"minecraft:orange_bed":1},"minecraft:broken":{"minecraft:shears":2,"minecraft:iron_boots":1,"minecraft:wooden_axe":2,"minecraft:fishing_rod":4,"minecraft:bow":1,"minecraft:stone_sword":1,"minecraft:iron_axe":1,"minecraft:iron_pickaxe":3,"minecraft:iron_helmet":1,"minecraft:wooden_hoe":1},"minecraft:killed_by":{"minecraft:creeper":1,"minecraft:vindicator":2,"minecraft:cave_spider":8,"minecraft:player":5,"minecraft:spider":1,"minecraft:iron_golem":2,"minecraft:skeleton":2}},"DataVersion":3465}