{"stats":{"minecraft:picked_up":{"minecraft:birch_log":7,"minecraft:stick":6,"minecraft:arrow":2,"minecraft:leather":1,"minecraft:acacia_log":1,"minecraft:beef":4,"minecraft:oak_log":6,"minecraft:poppy":1,"minecraft:oak_sapling":4,"minecraft:birch_sapling":2,"minecraft:bone":2},"minecraft:crafted":{"minecraft:oak_planks":24,"minecraft:wooden_axe":1},"minecraft:dropped":{"minecraft:poppy":1,"minecraft:birch_log":7},"minecraft:mined":{"minecraft:grass":4,"minecraft:oak_log":6,"minecraft:poppy":1,"minecraft:dead_bush":1,"minecraft:birch_log":7},"minecraft:killed":{"minecraft:player":1,"minecraft:cow":2},"minecraft:custom":{"minecraft:time_since_rest":2440,"minecraft:crouch_one_cm":551,"minecraft:damage_taken":940,"minecraft:sprint_one_cm":53665,"minecraft:play_time":14198,"minecraft:deaths":3,"minecraft:walk_one_cm":15040,"minecraft:sneak_time":206,"minecraft:walk_under_water_one_cm":1443,"minecraft:mob_kills":2,"minecraft:drop":2,"minecraft:jump":774,"minecraft:damage_dealt":234,"minecraft:leave_game":1,"minecraft:walk_on_water_one_cm":389,"minecraft:time_since_death":2410,"minecraft:total_world_time":14198,"minecraft:interact_with_crafting_table":1,"minecraft:fall_one_cm":32756,"minecraft:fly_one_cm":149024,"minecraft:player_kills":1},"minecraft:used":{"minecraft:wooden_axe":12,"minecraft:beef":3,"minecraft:oak_sapling":4,"minecraft:birch_sapling":2}},"DataVersion":3465}