{"stats":{"minecraft:killed":{"minecraft:cave_spider":2,"minecraft:spider":5,"minecraft:skeleton":9,"minecraft:chicken":3,"minecraft:pig":5,"minecraft:creeper":1,"minecraft:sheep":1,"minecraft:zombie":7,"minecraft:cow":2,"minecraft:horse":5,"friendsandfoes:mauler":2,"minecraft:drowned":1,"minecraft:player":13,"minecraft:villager":2,"minecraft:enderman":1},"minecraft:mined":{"minecraft:dark_oak_planks":3,"minecraft:white_bed":5,"minecraft:jungle_slab":3,"minecraft:jungle_leaves":481,"minecraft:acacia_log":56,"minecraft:grass_block":76,"minecraft:jungle_log":181,"minecraft:spawner":2,"minecraft:iron_ore":87,"minecraft:cobbled_deepslate":1,"minecraft:orange_bed":4,"minecraft:jungle_trapdoor":6,"minecraft:cut_sandstone":29,"minecraft:smoker":1,"minecraft:torch":6,"minecraft:poppy":1,"minecraft:dead_bush":1,"minecraft:mushroom_stem":1,"minecraft:cobblestone":39,"minecraft:oak_planks":2,"betternether:birch_chair":3,"minecraft:wall_torch":7,"minecraft:skeleton_skull":1,"minecraft:seagrass":1,"minecraft:jungle_wood":7,"minecraft:birch_log":27,"minecraft:wheat":34,"minecraft:tnt":5,"minecraft:orange_tulip":17,"minecraft:grass":49,"minecraft:oak_log":50,"minecraft:sand":7,"minecraft:dirt":17,"minecraft:infested_cracked_stone_bricks":1,"minecraft:oak_leaves":257,"minecraft:deepslate":63,"minecraft:tuff":1,"minecraft:mossy_cobblestone":11,"minecraft:deepslate_diamond_ore":57,"minecraft:jungle_planks":63,"minecraft:red_mushroom":1,"minecraft:kelp":1,"minecraft:large_fern":4,"minecraft:hay_block":1,"minecraft:furnace":14,"betternether:birch_taburet":3,"minecraft:deepslate_iron_ore":16,"minecraft:vine":18,"mcwroofs:jungle_attic_roof":2,"minecraft:stone":60,"minecraft:bone_block":25,"minecraft:white_wool":13,"gravestones:gravestone":3,"minecraft:dandelion":2,"minecraft:crafting_table":9,"minecraft:tall_grass":2,"minecraft:copper_ore":3,"minecraft:deepslate_gold_ore":19,"minecraft:lily_pad":1,"betternether:jungle_chair":1,"minecraft:birch_planks":1,"minecraft:coarse_dirt":5,"minecraft:coal_ore":51,"minecraft:gravel":14,"minecraft:cobweb":29,"minecraft:acacia_planks":14,"minecraft:stone_bricks":2,"minecraft:fern":5},"minecraft:killed_by":{"minecraft:vindicator":2,"minecraft:cave_spider":8,"minecraft:player":5,"minecraft:iron_golem":2},"minecraft:used":{"minecraft:iron_shovel":72,"minecraft:ladder":13,"minecraft:chest":1,"betternether:birch_taburet":3,"minecraft:shield":51,"minecraft:stone":8,"minecraft:grass":7,"minecraft:iron_chestplate":3,"minecraft:mutton":2,"minecraft:jungle_planks":144,"minecraft:carrot":20,"minecraft:acacia_sapling":4,"minecraft:tuff":1,"minecraft:jungle_sapling":1,"minecraft:glass":6,"minecraft:birch_sapling":2,"minecraft:iron_helmet":2,"minecraft:stone_bricks":1,"minecraft:bow":4,"minecraft:oak_sapling":5,"minecraft:furnace":16,"minecraft:egg":4,"betternether:birch_chair":5,"minecraft:oak_planks":2,"minecraft:stone_pickaxe":39,"minecraft:ender_pearl":1,"minecraft:wooden_pickaxe":47,"minecraft:oak_leaves":416,"minecraft:white_wool":7,"minecraft:sand":1,"minecraft:blast_furnace":2,"minecraft:shears":733,"minecraft:lever":1,"minecraft:bread":34,"minecraft:gravel":9,"minecraft:pufferfish":1,"minecraft:diamond_sword":18,"minecraft:chainmail_boots":1,"minecraft:coarse_dirt":5,"minecraft:bone_meal":193,"minecraft:experience_bottle":3,"minecraft:jungle_leaves":538,"minecraft:stone_sword":101,"minecraft:armor_stand":4,"betternether:jungle_chair":3,"minecraft:cooked_chicken":3,"minecraft:orange_bed":7,"minecraft:torch":13,"minecraft:dirt":84,"minecraft:jungle_trapdoor":6,"minecraft:dark_oak_planks":2,"minecraft:wooden_axe":113,"minecraft:iron_axe":375,"gravestones:gravestone":3,"minecraft:jungle_log":1,"minecraft:iron_boots":4,"minecraft:beef":4,"minecraft:goat_horn":6,"minecraft:cooked_beef":33,"minecraft:acacia_planks":63,"minecraft:cobbled_deepslate":12,"minecraft:iron_leggings":2,"minecraft:wheat_seeds":83,"minecraft:cooked_mutton":16,"minecraft:acacia_boat":5,"minecraft:water_bucket":31,"minecraft:brown_mushroom":1,"minecraft:cut_sandstone":2,"minecraft:fletching_table":1,"minecraft:jungle_wood":17,"minecraft:mossy_cobblestone":1,"minecraft:vine":3,"minecraft:oak_slab":2,"minecraft:tnt":7,"minecraft:crafting_table":22,"minecraft:red_mushroom":1,"minecraft:white_bed":7,"minecraft:cod":2,"minecraft:smoker":5,"minecraft:wooden_hoe":91,"minecraft:apple":12,"minecraft:chicken":2,"minecraft:iron_pickaxe":434,"minecraft:stone_axe":100,"minecraft:fishing_rod":160,"minecraft:cobblestone":29,"minecraft:potion":1,"minecraft:porkchop":4,"minecraft:cooked_porkchop":8,"mcwroofs:jungle_attic_roof":39,"minecraft:bucket":32,"minecraft:splash_potion":1},"minecraft:picked_up":{"minecraft:wooden_axe":1,"minecraft:wheat":33,"minecraft:chainmail_boots":1,"minecraft:potion":1,"betternether:birch_chair":3,"minecraft:string":50,"minecraft:raw_copper":9,"minecraft:armor_stand":4,"minecraft:pufferfish":4,"minecraft:cobbled_deepslate":65,"minecraft:furnace":14,"minecraft:iron_boots":1,"minecraft:stick":46,"minecraft:torch":12,"minecraft:acacia_log":47,"minecraft:porkchop":29,"minecraft:vine":7,"minecraft:orange_bed":7,"minecraft:stone_sword":1,"minecraft:rotten_flesh":10,"minecraft:cod":2,"minecraft:cobblestone":114,"minecraft:birch_log":27,"minecraft:cooked_beef":3,"minecraft:feather":4,"minecraft:jungle_log":209,"betternether:birch_taburet":2,"minecraft:jungle_wood":11,"minecraft:smoker":1,"minecraft:flint":2,"minecraft:tuff":1,"minecraft:acacia_boat":3,"minecraft:dirt":94,"minecraft:bone":16,"minecraft:acacia_planks":60,"minecraft:bow":3,"minecraft:orange_tulip":16,"minecraft:wheat_seeds":111,"minecraft:raw_gold":18,"minecraft:oak_planks":2,"minecraft:cooked_porkchop":5,"minecraft:jungle_planks":67,"minecraft:sand":7,"minecraft:jungle_slab":2,"minecraft:mossy_cobblestone":14,"minecraft:jungle_leaves":618,"minecraft:diamond":71,"minecraft:grass":12,"minecraft:golden_apple":1,"minecraft:emerald":1,"minecraft:bread":40,"minecraft:oak_sapling":25,"minecraft:oak_leaves":458,"minecraft:fishing_rod":3,"minecraft:coarse_dirt":5,"minecraft:crafting_table":9,"minecraft:chicken":5,"minecraft:ladder":2,"minecraft:clay_ball":4,"minecraft:brown_mushroom":1,"minecraft:wooden_pickaxe":2,"friendsandfoes:totem_of_illusion":1,"minecraft:shield":1,"minecraft:jungle_trapdoor":6,"minecraft:iron_axe":2,"minecraft:beef":8,"minecraft:jungle_sapling":6,"minecraft:poppy":1,"minecraft:sugar_cane":1,"minecraft:birch_sapling":5,"minecraft:egg":4,"minecraft:raw_iron":121,"minecraft:stone":10,"minecraft:carrot":9,"minecraft:dark_oak_planks":3,"inmis:gilded_backpack":1,"minecraft:tnt":7,"minecraft:arrow":17,"minecraft:shears":3,"minecraft:hay_block":1,"minecraft:saddle":1,"minecraft:gold_ingot":5,"gravestones:gravestone":5,"minecraft:white_wool":8,"minecraft:mutton":7,"minecraft:skeleton_skull":1,"inmis:bejeweled_backpack":1,"minecraft:bone_block":22,"minecraft:glow_ink_sac":6,"minecraft:salmon":1,"minecraft:cut_sandstone":60,"minecraft:leather":10,"minecraft:fern":1,"minecraft:jungle_fence":2,"minecraft:red_mushroom":1,"minecraft:oak_log":37,"mcwroofs:jungle_attic_roof":7,"minecraft:gunpowder":1,"minecraft:apple":13,"minecraft:stone_bricks":1,"minecraft:kelp":24,"minecraft:iron_ingot":3,"minecraft:stone_pickaxe":1,"minecraft:glass_bottle":2,"minecraft:acacia_sapling":4,"minecraft:oak_slab":2,"minecraft:dandelion":2,"minecraft:gravel":9,"minecraft:white_bed":7,"minecraft:spider_eye":5,"betternether:jungle_chair":1,"minecraft:iron_helmet":1,"minecraft:melon_seeds":4,"minecraft:coal":52,"minecraft:ender_pearl":2},"minecraft:custom":{"minecraft:interact_with_crafting_table":92,"minecraft:open_barrel":9,"minecraft:leave_game":11,"minecraft:time_since_death":19654,"minecraft:sprint_one_cm":1190742,"minecraft:damage_blocked_by_shield":865,"minecraft:drop":145,"minecraft:talked_to_villager":9,"minecraft:play_time":437505,"minecraft:deaths":44,"minecraft:jump":9070,"minecraft:walk_on_water_one_cm":40776,"minecraft:interact_with_furnace":101,"minecraft:traded_with_villager":4,"minecraft:sleep_in_bed":29,"minecraft:damage_dealt":11965,"minecraft:player_kills":17,"minecraft:crouch_one_cm":139848,"minecraft:interact_with_smoker":22,"minecraft:mob_kills":46,"minecraft:climb_one_cm":161193,"minecraft:walk_one_cm":448493,"minecraft:sneak_time":50415,"minecraft:walk_under_water_one_cm":37125,"minecraft:boat_one_cm":139783,"minecraft:interact_with_blast_furnace":1,"minecraft:total_world_time":437505,"minecraft:time_since_rest":10498,"minecraft:damage_taken":20448,"minecraft:trigger_trapped_chest":2,"minecraft:swim_one_cm":128879,"minecraft:fly_one_cm":1574155,"minecraft:open_chest":136,"minecraft:fish_caught":5,"minecraft:fall_one_cm":375051},"minecraft:broken":{"minecraft:shears":2,"minecraft:iron_boots":1,"minecraft:wooden_axe":2,"minecraft:fishing_rod":4,"minecraft:stone_sword":1,"minecraft:iron_axe":1,"minecraft:iron_pickaxe":1,"minecraft:iron_helmet":1,"minecraft:wooden_hoe":1},"minecraft:crafted":{"minecraft:smooth_stone":6,"minecraft:oak_planks":148,"minecraft:cooked_chicken":3,"minecraft:birch_slab":6,"minecraft:stone":16,"minecraft:lever":1,"minecraft:cooked_mutton":16,"minecraft:glass":23,"minecraft:chest":2,"minecraft:smoker":4,"mcwroofs:jungle_attic_roof":34,"minecraft:emerald":4,"minecraft:cooked_porkchop":9,"minecraft:crafting_table":13,"minecraft:wooden_pickaxe":1,"minecraft:fletching_table":1,"minecraft:birch_planks":80,"minecraft:wooden_hoe":2,"minecraft:iron_chestplate":1,"inmis:plated_backpack":1,"minecraft:stick":240,"minecraft:iron_ingot":76,"minecraft:iron_pickaxe":1,"minecraft:stone_sword":1,"minecraft:gold_ingot":8,"inmis:frayed_backpack":1,"minecraft:shears":14,"minecraft:fishing_rod":7,"inmis:gilded_backpack":1,"minecraft:furnace":10,"minecraft:blast_furnace":2,"inmis:bejeweled_backpack":1,"minecraft:bone_meal":225,"minecraft:iron_axe":2,"minecraft:ladder":12,"minecraft:stone_pickaxe":1,"minecraft:wheat":9,"minecraft:cooked_beef":34,"minecraft:coal_block":4,"betternether:birch_taburet":1,"minecraft:diamond_sword":2,"minecraft:jungle_wood":12,"minecraft:bucket":1,"minecraft:stone_axe":1,"minecraft:acacia_boat":3,"minecraft:jungle_slab":6,"betternether:birch_chair":2,"minecraft:bread":12,"minecraft:air":0,"minecraft:jungle_planks":260,"minecraft:white_wool":10,"minecraft:wooden_axe":2,"minecraft:iron_shovel":1,"minecraft:iron_leggings":1,"minecraft:white_bed":1,"betternether:jungle_chair":2,"minecraft:acacia_planks":168,"minecraft:torch":16,"minecraft:orange_bed":1},"minecraft:dropped":{"minecraft:cooked_beef":4,"minecraft:glass_bottle":2,"minecraft:ender_pearl":1,"minecraft:diamond":10,"minecraft:cooked_porkchop":6,"minecraft:orange_tulip":16,"minecraft:leather":2,"minecraft:jungle_planks":1,"minecraft:dirt":10,"minecraft:grass":5,"minecraft:cut_sandstone":58,"minecraft:jungle_sapling":5,"minecraft:birch_log":7,"minecraft:fishing_rod":6,"minecraft:white_wool":8,"minecraft:gold_ingot":7,"minecraft:bone":9,"minecraft:stone_axe":1,"minecraft:sugar_cane":1,"minecraft:cobbled_deepslate":13,"minecraft:birch_sapling":3,"minecraft:rotten_flesh":10,"minecraft:fern":1,"minecraft:white_bed":1,"minecraft:poppy":1,"minecraft:gunpowder":4,"minecraft:melon_seeds":4,"minecraft:jungle_log":1,"minecraft:arrow":10,"minecraft:oak_leaves":42,"minecraft:vine":4,"minecraft:wheat_seeds":14,"minecraft:mossy_cobblestone":13,"minecraft:feather":4,"minecraft:cobblestone":2,"minecraft:apple":1,"minecraft:stick":22,"minecraft:pufferfish":3,"minecraft:wooden_axe":1,"minecraft:potion":2,"minecraft:jungle_leaves":9,"minecraft:iron_axe":1,"minecraft:orange_bed":1,"minecraft:string":9,"minecraft:dandelion":2,"minecraft:kelp":24,"minecraft:stone_sword":1,"minecraft:raw_iron":56,"minecraft:clay_ball":4,"gravestones:gravestone":2,"minecraft:orange_wool":2,"minecraft:shears":12,"minecraft:diamond_sword":1,"minecraft:stone":2,"mcwroofs:jungle_attic_roof":2,"minecraft:iron_chestplate":3,"minecraft:oak_sapling":13,"minecraft:spider_eye":3,"minecraft:bow":2,"minecraft:stone_pickaxe":1,"minecraft:wooden_pickaxe":2}},"DataVersion":3465}