{"stats":{"minecraft:picked_up":{"minecraft:wooden_axe":1,"minecraft:wheat":190,"minecraft:chainmail_boots":1,"minecraft:potion":1,"betternether:birch_chair":3,"minecraft:string":52,"minecraft:raw_copper":12,"minecraft:armor_stand":4,"minecraft:pufferfish":4,"minecraft:cobbled_deepslate":65,"minecraft:melon_slice":73,"minecraft:furnace":14,"minecraft:iron_boots":1,"minecraft:stick":49,"minecraft:torch":21,"minecraft:acacia_log":47,"minecraft:porkchop":35,"minecraft:vine":7,"minecraft:orange_bed":7,"minecraft:stone_sword":1,"minecraft:rotten_flesh":24,"minecraft:cod":2,"minecraft:cobblestone":138,"minecraft:birch_log":27,"minecraft:cooked_beef":3,"minecraft:feather":7,"minecraft:andesite":42,"minecraft:jungle_log":209,"betternether:birch_taburet":2,"minecraft:jungle_wood":14,"minecraft:smoker":1,"minecraft:flint":8,"minecraft:tuff":1,"minecraft:acacia_boat":3,"minecraft:dirt":131,"minecraft:bone":22,"minecraft:acacia_planks":60,"minecraft:bow":3,"minecraft:wheat_seeds":557,"minecraft:orange_tulip":16,"minecraft:raw_gold":19,"minecraft:moss_block":4,"minecraft:oak_planks":14,"minecraft:cooked_porkchop":5,"minecraft:jungle_planks":73,"minecraft:sand":7,"minecraft:cyan_bed":3,"minecraft:jungle_slab":2,"minecraft:mossy_cobblestone":14,"minecraft:jungle_leaves":618,"minecraft:diamond":85,"minecraft:grass":12,"minecraft:golden_apple":1,"minecraft:emerald":1,"minecraft:bread":40,"minecraft:oak_sapling":25,"minecraft:oak_leaves":458,"minecraft:andesite_slab":2,"minecraft:fishing_rod":3,"minecraft:coarse_dirt":5,"minecraft:crafting_table":10,"minecraft:chicken":8,"minecraft:ladder":4,"minecraft:clay_ball":4,"minecraft:brown_mushroom":1,"minecraft:wooden_pickaxe":2,"friendsandfoes:totem_of_illusion":1,"minecraft:shield":1,"minecraft:jungle_trapdoor":6,"minecraft:iron_axe":2,"minecraft:beef":8,"minecraft:jungle_sapling":6,"minecraft:poppy":1,"minecraft:sugar_cane":1,"minecraft:birch_sapling":5,"minecraft:egg":5,"minecraft:raw_iron":143,"minecraft:stone":10,"minecraft:carrot":9,"minecraft:dark_oak_planks":3,"inmis:gilded_backpack":1,"minecraft:tnt":7,"minecraft:arrow":23,"minecraft:shears":3,"minecraft:hay_block":1,"minecraft:saddle":1,"minecraft:gold_ingot":5,"gravestones:gravestone":6,"minecraft:mutton":15,"minecraft:bone_block":45,"inmis:bejeweled_backpack":1,"minecraft:skeleton_skull":1,"minecraft:white_wool":11,"minecraft:glow_ink_sac":6,"minecraft:salmon":1,"minecraft:cut_sandstone":60,"minecraft:leather":10,"minecraft:fern":1,"minecraft:jungle_fence":2,"minecraft:red_mushroom":1,"minecraft:oak_log":42,"mcwroofs:jungle_attic_roof":7,"minecraft:gunpowder":2,"minecraft:apple":13,"minecraft:stone_bricks":1,"minecraft:kelp":24,"minecraft:iron_ingot":4,"minecraft:stone_pickaxe":1,"minecraft:glass_bottle":2,"minecraft:acacia_sapling":4,"minecraft:oak_slab":2,"minecraft:smooth_basalt":1,"minecraft:sweet_berries":24,"minecraft:chiseled_stone_bricks":2,"minecraft:dandelion":2,"minecraft:gravel":110,"minecraft:white_bed":7,"minecraft:spider_eye":5,"betternether:jungle_chair":1,"minecraft:iron_helmet":1,"minecraft:melon_seeds":4,"minecraft:black_wool":1,"minecraft:coal":126,"minecraft:ender_pearl":2},"minecraft:dropped":{"minecraft:moss_block":4,"minecraft:cooked_beef":4,"minecraft:glass_bottle":2,"minecraft:ender_pearl":1,"minecraft:diamond":10,"minecraft:cooked_porkchop":6,"minecraft:orange_tulip":16,"minecraft:leather":2,"minecraft:jungle_planks":1,"minecraft:flint":1,"minecraft:dirt":10,"minecraft:grass":5,"minecraft:cut_sandstone":58,"minecraft:jungle_sapling":5,"minecraft:birch_log":7,"minecraft:fishing_rod":6,"minecraft:white_wool":8,"minecraft:gold_ingot":7,"minecraft:bone":13,"minecraft:stone_axe":1,"minecraft:sugar_cane":1,"minecraft:cobbled_deepslate":13,"minecraft:andesite_slab":2,"minecraft:birch_sapling":3,"minecraft:rotten_flesh":22,"minecraft:fern":1,"minecraft:white_bed":1,"minecraft:poppy":1,"minecraft:gunpowder":4,"minecraft:melon_seeds":4,"minecraft:jungle_log":1,"minecraft:arrow":12,"minecraft:oak_leaves":42,"minecraft:vine":4,"minecraft:wheat_seeds":35,"minecraft:mossy_cobblestone":13,"minecraft:feather":7,"minecraft:cobblestone":2,"minecraft:apple":1,"minecraft:stick":27,"minecraft:pufferfish":3,"minecraft:wooden_axe":1,"minecraft:potion":2,"minecraft:jungle_leaves":9,"minecraft:iron_axe":1,"minecraft:orange_bed":1,"minecraft:string":9,"minecraft:dandelion":2,"minecraft:kelp":24,"minecraft:stone_sword":1,"minecraft:raw_iron":56,"minecraft:clay_ball":4,"gravestones:gravestone":2,"minecraft:orange_wool":2,"minecraft:shears":12,"minecraft:diamond_sword":1,"minecraft:stone":2,"mcwroofs:jungle_attic_roof":2,"minecraft:iron_chestplate":3,"minecraft:oak_sapling":13,"minecraft:spider_eye":3,"minecraft:bow":2,"minecraft:stone_pickaxe":1,"minecraft:wooden_pickaxe":2},"minecraft:mined":{"minecraft:dark_oak_planks":3,"minecraft:white_bed":5,"minecraft:jungle_slab":3,"minecraft:jungle_leaves":489,"minecraft:cave_vines_plant":1,"minecraft:acacia_log":56,"minecraft:grass_block":80,"minecraft:jungle_log":181,"minecraft:chiseled_stone_bricks":2,"minecraft:spawner":2,"minecraft:iron_ore":109,"minecraft:cobbled_deepslate":1,"minecraft:fire":19,"minecraft:cave_vines":1,"minecraft:orange_bed":4,"minecraft:jungle_trapdoor":6,"minecraft:cut_sandstone":29,"minecraft:smoker":1,"minecraft:torch":11,"minecraft:poppy":1,"minecraft:melon":12,"minecraft:dead_bush":2,"minecraft:mushroom_stem":1,"minecraft:cobblestone":41,"minecraft:cyan_bed":3,"minecraft:oak_planks":14,"betternether:birch_chair":3,"minecraft:wall_torch":8,"minecraft:skeleton_skull":1,"minecraft:seagrass":1,"minecraft:jungle_wood":10,"minecraft:birch_log":27,"minecraft:wheat":194,"minecraft:tnt":5,"minecraft:orange_tulip":17,"minecraft:grass":78,"minecraft:infested_mossy_stone_bricks":1,"minecraft:oak_log":55,"minecraft:sand":7,"minecraft:dirt":48,"minecraft:infested_cracked_stone_bricks":2,"minecraft:smooth_basalt":1,"minecraft:oak_leaves":257,"minecraft:deepslate":63,"minecraft:tuff":1,"minecraft:mossy_cobblestone":11,"minecraft:deepslate_diamond_ore":71,"minecraft:jungle_planks":69,"minecraft:red_mushroom":1,"minecraft:moss_block":7,"minecraft:kelp":1,"minecraft:large_fern":4,"minecraft:hay_block":1,"minecraft:furnace":14,"minecraft:andesite":38,"betternether:birch_taburet":3,"minecraft:deepslate_iron_ore":16,"minecraft:vine":20,"mcwroofs:jungle_attic_roof":2,"minecraft:stone":82,"minecraft:bone_block":48,"minecraft:white_wool":13,"gravestones:gravestone":3,"minecraft:dandelion":2,"minecraft:crafting_table":10,"minecraft:andesite_slab":1,"minecraft:tall_grass":16,"minecraft:copper_ore":3,"minecraft:deepslate_coal_ore":8,"minecraft:deepslate_gold_ore":19,"minecraft:lily_pad":1,"betternether:jungle_chair":1,"minecraft:birch_planks":1,"minecraft:coarse_dirt":5,"minecraft:sweet_berry_bush":4,"minecraft:coal_ore":117,"minecraft:gravel":106,"minecraft:cobweb":29,"minecraft:acacia_planks":14,"minecraft:stone_bricks":2,"minecraft:fern":12},"minecraft:custom":{"minecraft:interact_with_crafting_table":108,"minecraft:open_barrel":17,"minecraft:leave_game":16,"minecraft:time_since_death":30116,"minecraft:sprint_one_cm":1767835,"minecraft:damage_blocked_by_shield":1900,"minecraft:drop":164,"minecraft:talked_to_villager":9,"minecraft:play_time":583157,"minecraft:deaths":51,"minecraft:jump":13307,"minecraft:walk_on_water_one_cm":54129,"minecraft:interact_with_furnace":106,"minecraft:traded_with_villager":4,"minecraft:sleep_in_bed":33,"minecraft:damage_dealt":20548,"minecraft:player_kills":17,"minecraft:crouch_one_cm":167162,"minecraft:interact_with_smoker":23,"minecraft:mob_kills":96,"minecraft:climb_one_cm":182210,"minecraft:walk_one_cm":601539,"minecraft:sneak_time":64688,"minecraft:walk_under_water_one_cm":55641,"minecraft:boat_one_cm":139783,"minecraft:interact_with_blast_furnace":1,"minecraft:total_world_time":583157,"minecraft:time_since_rest":30159,"minecraft:damage_taken":24447,"minecraft:trigger_trapped_chest":2,"minecraft:swim_one_cm":185887,"minecraft:fly_one_cm":2424387,"minecraft:open_chest":184,"minecraft:fish_caught":5,"minecraft:fall_one_cm":521155},"minecraft:used":{"minecraft:iron_shovel":72,"minecraft:ladder":13,"minecraft:chest":1,"betternether:birch_taburet":3,"minecraft:shield":85,"minecraft:stone":8,"minecraft:iron_sword":107,"minecraft:grass":7,"minecraft:iron_chestplate":5,"minecraft:mutton":10,"minecraft:jungle_planks":167,"minecraft:carrot":28,"minecraft:acacia_sapling":4,"minecraft:tuff":1,"minecraft:jungle_sapling":1,"minecraft:glass":6,"minecraft:lava_bucket":1,"minecraft:birch_sapling":2,"minecraft:iron_helmet":2,"minecraft:stone_bricks":1,"minecraft:bow":4,"minecraft:sweet_berries":15,"minecraft:oak_sapling":5,"minecraft:furnace":16,"minecraft:egg":5,"betternether:birch_chair":5,"minecraft:oak_planks":14,"minecraft:stone_pickaxe":39,"minecraft:ender_pearl":1,"minecraft:wooden_pickaxe":47,"minecraft:oak_leaves":416,"minecraft:white_wool":9,"minecraft:sand":1,"minecraft:blast_furnace":2,"minecraft:shears":733,"minecraft:lever":1,"minecraft:melon_slice":40,"minecraft:bread":67,"minecraft:cyan_bed":3,"minecraft:gravel":78,"minecraft:pufferfish":1,"minecraft:diamond_sword":18,"minecraft:chainmail_boots":1,"minecraft:andesite":8,"minecraft:coarse_dirt":5,"minecraft:bone_meal":432,"minecraft:experience_bottle":3,"minecraft:jungle_leaves":538,"minecraft:stone_sword":101,"minecraft:armor_stand":4,"betternether:jungle_chair":3,"minecraft:cooked_chicken":3,"minecraft:orange_bed":7,"minecraft:torch":183,"minecraft:dirt":112,"minecraft:jungle_trapdoor":6,"minecraft:dark_oak_planks":2,"minecraft:wooden_axe":113,"minecraft:iron_axe":411,"gravestones:gravestone":3,"minecraft:jungle_log":1,"minecraft:iron_boots":4,"minecraft:beef":4,"minecraft:goat_horn":6,"minecraft:cooked_beef":33,"minecraft:cobbled_deepslate":12,"minecraft:acacia_planks":63,"minecraft:iron_leggings":2,"minecraft:wheat_seeds":274,"minecraft:cooked_mutton":16,"minecraft:acacia_boat":5,"minecraft:water_bucket":69,"minecraft:cut_sandstone":2,"minecraft:brown_mushroom":1,"minecraft:fletching_table":1,"minecraft:salmon":1,"minecraft:jungle_wood":20,"minecraft:mossy_cobblestone":1,"minecraft:vine":3,"minecraft:tnt":7,"minecraft:oak_slab":2,"minecraft:crafting_table":24,"minecraft:red_mushroom":1,"minecraft:white_bed":7,"minecraft:cod":2,"minecraft:smoker":5,"minecraft:wooden_hoe":91,"minecraft:black_wool":1,"minecraft:apple":12,"minecraft:chicken":5,"minecraft:iron_pickaxe":677,"minecraft:stone_axe":100,"minecraft:chiseled_stone_bricks":2,"minecraft:fishing_rod":160,"minecraft:cobblestone":52,"minecraft:potion":1,"minecraft:porkchop":10,"minecraft:cooked_porkchop":8,"mcwroofs:jungle_attic_roof":39,"minecraft:bucket":73,"minecraft:splash_potion":1},"minecraft:killed":{"minecraft:cave_spider":2,"minecraft:spider":7,"minecraft:skeleton":21,"friendsandfoes:glare":1,"minecraft:chicken":6,"minecraft:silverfish":2,"minecraft:pig":7,"minecraft:creeper":1,"minecraft:sheep":5,"minecraft:pillager":1,"minecraft:zombie":17,"minecraft:cow":2,"minecraft:horse":5,"friendsandfoes:mauler":2,"minecraft:drowned":1,"minecraft:husk":5,"minecraft:player":13,"minecraft:villager":2,"minecraft:enderman":1},"minecraft:crafted":{"minecraft:smooth_stone":6,"minecraft:oak_planks":148,"minecraft:cooked_chicken":3,"minecraft:birch_slab":6,"minecraft:stone":16,"minecraft:lever":1,"minecraft:cooked_mutton":16,"minecraft:glass":23,"minecraft:chest":2,"minecraft:smoker":4,"mcwroofs:jungle_attic_roof":34,"minecraft:emerald":4,"minecraft:cooked_porkchop":9,"minecraft:crafting_table":15,"minecraft:wooden_pickaxe":1,"minecraft:fletching_table":1,"minecraft:birch_planks":80,"minecraft:wooden_hoe":2,"minecraft:iron_chestplate":1,"minecraft:charcoal":5,"inmis:plated_backpack":1,"minecraft:shield":2,"minecraft:stick":288,"minecraft:iron_ingot":87,"minecraft:iron_pickaxe":3,"minecraft:stone_sword":1,"minecraft:gold_ingot":8,"inmis:frayed_backpack":1,"minecraft:shears":14,"minecraft:fishing_rod":7,"inmis:gilded_backpack":1,"minecraft:furnace":10,"minecraft:blast_furnace":2,"inmis:bejeweled_backpack":1,"minecraft:bone_meal":432,"minecraft:iron_axe":2,"minecraft:ladder":12,"minecraft:stone_pickaxe":1,"minecraft:wheat":9,"minecraft:cooked_beef":34,"minecraft:coal_block":4,"betternether:birch_taburet":1,"minecraft:diamond_sword":2,"minecraft:jungle_wood":12,"minecraft:iron_sword":1,"minecraft:bucket":2,"minecraft:stone_axe":1,"minecraft:jungle_slab":6,"betternether:birch_chair":2,"minecraft:acacia_boat":3,"minecraft:bread":66,"minecraft:air":0,"minecraft:jungle_planks":348,"minecraft:white_wool":10,"minecraft:wooden_axe":2,"minecraft:iron_shovel":1,"minecraft:iron_leggings":1,"minecraft:white_bed":1,"betternether:jungle_chair":2,"minecraft:acacia_planks":168,"minecraft:torch":180,"minecraft:orange_bed":1},"minecraft:broken":{"minecraft:shears":2,"minecraft:iron_boots":1,"minecraft:wooden_axe":2,"minecraft:fishing_rod":4,"minecraft:stone_sword":1,"minecraft:iron_axe":1,"minecraft:iron_pickaxe":2,"minecraft:iron_helmet":1,"minecraft:wooden_hoe":1},"minecraft:killed_by":{"minecraft:creeper":1,"minecraft:vindicator":2,"minecraft:cave_spider":8,"minecraft:player":5,"minecraft:iron_golem":2,"minecraft:skeleton":2}},"DataVersion":3465}