{"stats":{"minecraft:used":{"minecraft:ladder":13,"betternether:birch_taburet":3,"minecraft:chest":1,"minecraft:shield":51,"minecraft:grass":7,"minecraft:iron_chestplate":3,"minecraft:mutton":2,"minecraft:jungle_planks":144,"minecraft:carrot":20,"minecraft:acacia_sapling":4,"minecraft:tuff":1,"minecraft:jungle_sapling":1,"minecraft:glass":6,"minecraft:birch_sapling":2,"minecraft:iron_helmet":2,"minecraft:stone_bricks":1,"minecraft:bow":4,"minecraft:furnace":14,"minecraft:oak_sapling":5,"minecraft:egg":3,"betternether:birch_chair":5,"minecraft:stone_pickaxe":39,"minecraft:oak_planks":2,"minecraft:wooden_pickaxe":47,"minecraft:oak_leaves":416,"minecraft:white_wool":7,"minecraft:sand":1,"minecraft:shears":733,"minecraft:lever":1,"minecraft:bread":31,"minecraft:gravel":8,"minecraft:diamond_sword":18,"minecraft:chainmail_boots":1,"minecraft:coarse_dirt":1,"minecraft:experience_bottle":3,"minecraft:jungle_leaves":538,"minecraft:stone_sword":101,"minecraft:armor_stand":4,"minecraft:orange_bed":7,"minecraft:torch":9,"minecraft:dirt":5,"minecraft:jungle_trapdoor":6,"minecraft:wooden_axe":113,"minecraft:dark_oak_planks":2,"minecraft:iron_axe":283,"gravestones:gravestone":1,"minecraft:iron_boots":4,"minecraft:beef":4,"minecraft:goat_horn":6,"minecraft:cooked_beef":33,"minecraft:acacia_planks":63,"minecraft:cobbled_deepslate":12,"minecraft:iron_leggings":2,"minecraft:cooked_mutton":11,"minecraft:acacia_boat":4,"minecraft:water_bucket":25,"minecraft:brown_mushroom":1,"minecraft:cut_sandstone":2,"minecraft:fletching_table":1,"minecraft:jungle_wood":15,"minecraft:mossy_cobblestone":1,"minecraft:vine":3,"minecraft:tnt":7,"minecraft:oak_slab":2,"minecraft:crafting_table":18,"minecraft:red_mushroom":1,"minecraft:white_bed":7,"minecraft:smoker":2,"minecraft:apple":1,"minecraft:chicken":2,"minecraft:iron_pickaxe":395,"minecraft:stone_axe":100,"minecraft:cobblestone":27,"minecraft:potion":1,"minecraft:cooked_porkchop":8,"minecraft:porkchop":4,"mcwroofs:jungle_attic_roof":39,"minecraft:bucket":26,"minecraft:splash_potion":1},"minecraft:custom":{"minecraft:interact_with_crafting_table":70,"minecraft:open_barrel":9,"minecraft:leave_game":10,"minecraft:time_since_death":17690,"minecraft:sprint_one_cm":1085140,"minecraft:damage_blocked_by_shield":865,"minecraft:drop":118,"minecraft:talked_to_villager":9,"minecraft:play_time":330786,"minecraft:deaths":29,"minecraft:jump":7693,"minecraft:walk_on_water_one_cm":30980,"minecraft:interact_with_furnace":92,"minecraft:traded_with_villager":4,"minecraft:sleep_in_bed":26,"minecraft:damage_dealt":9495,"minecraft:player_kills":11,"minecraft:crouch_one_cm":118553,"minecraft:interact_with_smoker":11,"minecraft:mob_kills":39,"minecraft:climb_one_cm":112418,"minecraft:walk_one_cm":366892,"minecraft:sneak_time":38568,"minecraft:walk_under_water_one_cm":16696,"minecraft:boat_one_cm":119897,"minecraft:interact_with_blast_furnace":1,"minecraft:total_world_time":330786,"minecraft:time_since_rest":11213,"minecraft:damage_taken":13979,"minecraft:trigger_trapped_chest":2,"minecraft:swim_one_cm":69846,"minecraft:fly_one_cm":1394825,"minecraft:open_chest":124,"minecraft:fall_one_cm":292086},"minecraft:crafted":{"minecraft:oak_planks":148,"minecraft:birch_slab":6,"minecraft:lever":1,"minecraft:cooked_mutton":11,"minecraft:glass":23,"minecraft:chest":2,"minecraft:smoker":3,"mcwroofs:jungle_attic_roof":34,"minecraft:emerald":4,"minecraft:cooked_porkchop":9,"minecraft:crafting_table":11,"minecraft:wooden_pickaxe":1,"minecraft:fletching_table":1,"minecraft:birch_planks":80,"minecraft:iron_chestplate":1,"inmis:plated_backpack":1,"minecraft:stick":204,"minecraft:iron_ingot":42,"minecraft:iron_pickaxe":1,"minecraft:stone_sword":1,"minecraft:gold_ingot":8,"inmis:frayed_backpack":1,"minecraft:shears":14,"inmis:gilded_backpack":1,"minecraft:furnace":7,"inmis:bejeweled_backpack":1,"minecraft:iron_axe":1,"minecraft:ladder":12,"minecraft:stone_pickaxe":1,"minecraft:wheat":9,"minecraft:cooked_beef":30,"betternether:birch_taburet":1,"minecraft:diamond_sword":2,"minecraft:jungle_wood":12,"minecraft:bucket":1,"minecraft:stone_axe":1,"betternether:birch_chair":2,"minecraft:acacia_boat":3,"minecraft:bread":3,"minecraft:air":0,"minecraft:jungle_planks":236,"minecraft:white_wool":10,"minecraft:wooden_axe":2,"minecraft:iron_leggings":1,"minecraft:white_bed":1,"minecraft:acacia_planks":168,"minecraft:torch":16,"minecraft:orange_bed":1},"minecraft:mined":{"minecraft:dark_oak_planks":3,"minecraft:white_bed":5,"minecraft:jungle_slab":3,"minecraft:jungle_leaves":481,"minecraft:acacia_log":56,"minecraft:grass_block":6,"minecraft:jungle_log":181,"minecraft:spawner":2,"minecraft:iron_ore":87,"minecraft:cobbled_deepslate":1,"minecraft:orange_bed":4,"minecraft:jungle_trapdoor":6,"minecraft:cut_sandstone":29,"minecraft:torch":6,"minecraft:poppy":1,"minecraft:dead_bush":1,"minecraft:cobblestone":35,"minecraft:oak_planks":2,"betternether:birch_chair":3,"minecraft:wall_torch":7,"minecraft:seagrass":1,"minecraft:jungle_wood":7,"minecraft:birch_log":27,"minecraft:tnt":5,"minecraft:orange_tulip":17,"minecraft:grass":35,"minecraft:oak_log":50,"minecraft:sand":7,"minecraft:dirt":2,"minecraft:infested_cracked_stone_bricks":1,"minecraft:oak_leaves":255,"minecraft:deepslate":63,"minecraft:tuff":1,"minecraft:mossy_cobblestone":11,"minecraft:deepslate_diamond_ore":57,"minecraft:jungle_planks":26,"minecraft:red_mushroom":1,"minecraft:large_fern":1,"minecraft:hay_block":1,"minecraft:furnace":12,"betternether:birch_taburet":3,"minecraft:deepslate_iron_ore":16,"minecraft:vine":18,"mcwroofs:jungle_attic_roof":2,"minecraft:stone":51,"minecraft:bone_block":12,"minecraft:white_wool":13,"gravestones:gravestone":2,"minecraft:dandelion":2,"minecraft:crafting_table":7,"minecraft:copper_ore":3,"minecraft:tall_grass":2,"minecraft:deepslate_gold_ore":19,"minecraft:lily_pad":1,"minecraft:birch_planks":1,"minecraft:coarse_dirt":1,"minecraft:coal_ore":51,"minecraft:gravel":14,"minecraft:cobweb":29,"minecraft:acacia_planks":14,"minecraft:stone_bricks":2,"minecraft:fern":4},"minecraft:killed_by":{"minecraft:vindicator":2,"minecraft:cave_spider":8,"minecraft:player":4,"minecraft:iron_golem":2},"minecraft:dropped":{"minecraft:glass_bottle":2,"minecraft:diamond":10,"minecraft:cooked_porkchop":6,"minecraft:orange_tulip":16,"minecraft:leather":2,"minecraft:jungle_planks":1,"minecraft:dirt":4,"minecraft:grass":5,"minecraft:cut_sandstone":58,"minecraft:jungle_sapling":5,"minecraft:birch_log":7,"minecraft:white_wool":8,"minecraft:gold_ingot":7,"minecraft:bone":9,"minecraft:stone_axe":1,"minecraft:sugar_cane":1,"minecraft:cobbled_deepslate":13,"minecraft:birch_sapling":3,"minecraft:rotten_flesh":2,"minecraft:fern":1,"minecraft:white_bed":1,"minecraft:poppy":1,"minecraft:gunpowder":4,"minecraft:melon_seeds":4,"minecraft:jungle_log":1,"minecraft:arrow":10,"minecraft:oak_leaves":42,"minecraft:vine":4,"minecraft:wheat_seeds":13,"minecraft:feather":4,"minecraft:apple":1,"minecraft:stick":21,"minecraft:wooden_axe":1,"minecraft:potion":2,"minecraft:jungle_leaves":9,"minecraft:iron_axe":1,"minecraft:orange_bed":1,"minecraft:string":9,"minecraft:dandelion":2,"minecraft:stone_sword":1,"minecraft:raw_iron":56,"minecraft:clay_ball":4,"gravestones:gravestone":2,"minecraft:orange_wool":2,"minecraft:shears":12,"minecraft:diamond_sword":1,"mcwroofs:jungle_attic_roof":2,"minecraft:iron_chestplate":3,"minecraft:oak_sapling":13,"minecraft:spider_eye":3,"minecraft:bow":2,"minecraft:stone_pickaxe":1,"minecraft:wooden_pickaxe":2},"minecraft:killed":{"minecraft:cave_spider":2,"minecraft:spider":5,"minecraft:skeleton":9,"minecraft:chicken":3,"minecraft:pig":5,"minecraft:creeper":1,"minecraft:sheep":1,"minecraft:zombie":2,"minecraft:cow":2,"minecraft:horse":5,"friendsandfoes:mauler":2,"minecraft:player":8,"minecraft:villager":2},"minecraft:picked_up":{"minecraft:wooden_axe":1,"minecraft:chainmail_boots":1,"minecraft:potion":1,"betternether:birch_chair":3,"minecraft:string":50,"minecraft:raw_copper":9,"minecraft:armor_stand":4,"minecraft:cobbled_deepslate":65,"minecraft:iron_boots":1,"minecraft:furnace":12,"minecraft:stick":44,"minecraft:torch":11,"minecraft:acacia_log":47,"minecraft:porkchop":29,"minecraft:vine":7,"minecraft:orange_bed":7,"minecraft:stone_sword":1,"minecraft:rotten_flesh":2,"minecraft:cobblestone":102,"minecraft:birch_log":27,"minecraft:cooked_beef":3,"minecraft:feather":4,"minecraft:jungle_log":205,"betternether:birch_taburet":2,"minecraft:jungle_wood":9,"minecraft:flint":2,"minecraft:tuff":1,"minecraft:acacia_boat":2,"minecraft:dirt":9,"minecraft:bone":16,"minecraft:acacia_planks":60,"minecraft:bow":3,"minecraft:orange_tulip":16,"minecraft:wheat_seeds":16,"minecraft:raw_gold":18,"minecraft:oak_planks":2,"minecraft:cooked_porkchop":5,"minecraft:jungle_planks":30,"minecraft:sand":7,"minecraft:jungle_slab":2,"minecraft:mossy_cobblestone":14,"minecraft:jungle_leaves":618,"minecraft:diamond":71,"minecraft:grass":12,"minecraft:golden_apple":1,"minecraft:bread":40,"minecraft:emerald":1,"minecraft:oak_sapling":25,"minecraft:oak_leaves":458,"minecraft:crafting_table":7,"minecraft:coarse_dirt":1,"minecraft:chicken":5,"minecraft:ladder":2,"minecraft:clay_ball":4,"minecraft:brown_mushroom":1,"minecraft:wooden_pickaxe":2,"friendsandfoes:totem_of_illusion":1,"minecraft:shield":1,"minecraft:jungle_trapdoor":6,"minecraft:iron_axe":2,"minecraft:beef":8,"minecraft:jungle_sapling":6,"minecraft:poppy":1,"minecraft:sugar_cane":1,"minecraft:birch_sapling":5,"minecraft:egg":4,"minecraft:raw_iron":121,"minecraft:carrot":9,"minecraft:dark_oak_planks":3,"inmis:gilded_backpack":1,"minecraft:tnt":7,"minecraft:arrow":17,"minecraft:shears":3,"minecraft:hay_block":1,"minecraft:gold_ingot":5,"gravestones:gravestone":3,"minecraft:mutton":7,"minecraft:white_wool":8,"inmis:bejeweled_backpack":1,"minecraft:bone_block":9,"minecraft:glow_ink_sac":6,"minecraft:cut_sandstone":60,"minecraft:leather":10,"minecraft:fern":1,"minecraft:red_mushroom":1,"minecraft:jungle_fence":2,"minecraft:oak_log":37,"mcwroofs:jungle_attic_roof":7,"minecraft:gunpowder":1,"minecraft:apple":12,"minecraft:stone_bricks":1,"minecraft:iron_ingot":3,"minecraft:stone_pickaxe":1,"minecraft:glass_bottle":2,"minecraft:acacia_sapling":4,"minecraft:oak_slab":2,"minecraft:dandelion":2,"minecraft:gravel":9,"minecraft:white_bed":7,"minecraft:spider_eye":5,"minecraft:iron_helmet":1,"minecraft:melon_seeds":4,"minecraft:coal":52,"minecraft:ender_pearl":1},"minecraft:broken":{"minecraft:shears":2,"minecraft:wooden_axe":2,"minecraft:stone_sword":1,"minecraft:iron_axe":1,"minecraft:iron_pickaxe":1}},"DataVersion":3465}