{"stats":{"minecraft:used":{"minecraft:stone_sword":101,"minecraft:jungle_leaves":535,"minecraft:armor_stand":4,"minecraft:ladder":13,"minecraft:chest":1,"betternether:birch_taburet":3,"minecraft:shield":51,"minecraft:grass":7,"minecraft:orange_bed":7,"minecraft:iron_chestplate":3,"minecraft:torch":4,"minecraft:dirt":3,"minecraft:mutton":2,"minecraft:jungle_planks":144,"minecraft:carrot":20,"minecraft:acacia_sapling":4,"minecraft:tuff":1,"minecraft:jungle_trapdoor":6,"minecraft:dark_oak_planks":2,"minecraft:glass":6,"minecraft:wooden_axe":113,"minecraft:iron_axe":283,"gravestones:gravestone":1,"minecraft:birch_sapling":2,"minecraft:iron_helmet":2,"minecraft:iron_boots":4,"minecraft:bow":4,"minecraft:beef":4,"minecraft:oak_sapling":5,"minecraft:goat_horn":6,"minecraft:furnace":13,"minecraft:egg":3,"minecraft:cooked_beef":28,"minecraft:cobbled_deepslate":12,"minecraft:iron_leggings":2,"minecraft:acacia_planks":63,"betternether:birch_chair":5,"minecraft:cooked_mutton":11,"minecraft:water_bucket":25,"minecraft:acacia_boat":4,"minecraft:oak_planks":2,"minecraft:stone_pickaxe":39,"minecraft:wooden_pickaxe":47,"minecraft:cut_sandstone":2,"minecraft:fletching_table":1,"minecraft:oak_leaves":408,"minecraft:white_wool":7,"minecraft:jungle_wood":15,"minecraft:mossy_cobblestone":1,"minecraft:sand":1,"minecraft:vine":3,"minecraft:oak_slab":2,"minecraft:tnt":7,"minecraft:crafting_table":17,"minecraft:white_bed":7,"minecraft:smoker":1,"minecraft:shears":723,"minecraft:lever":1,"minecraft:apple":1,"minecraft:chicken":2,"minecraft:bread":31,"minecraft:iron_pickaxe":260,"minecraft:gravel":8,"minecraft:stone_axe":100,"minecraft:diamond_sword":18,"minecraft:potion":1,"minecraft:cobblestone":25,"minecraft:porkchop":4,"minecraft:chainmail_boots":1,"minecraft:cooked_porkchop":6,"minecraft:bucket":26,"minecraft:coarse_dirt":1,"minecraft:splash_potion":1,"minecraft:experience_bottle":3},"minecraft:custom":{"minecraft:mob_kills":38,"minecraft:interact_with_crafting_table":65,"minecraft:open_barrel":9,"minecraft:leave_game":10,"minecraft:time_since_death":39235,"minecraft:climb_one_cm":94659,"minecraft:sprint_one_cm":975609,"minecraft:walk_one_cm":317184,"minecraft:damage_blocked_by_shield":865,"minecraft:drop":103,"minecraft:talked_to_villager":9,"minecraft:play_time":300786,"minecraft:sneak_time":35446,"minecraft:deaths":23,"minecraft:walk_under_water_one_cm":16363,"minecraft:boat_one_cm":119897,"minecraft:jump":6885,"minecraft:interact_with_blast_furnace":1,"minecraft:walk_on_water_one_cm":30489,"minecraft:total_world_time":300786,"minecraft:interact_with_furnace":75,"minecraft:traded_with_villager":4,"minecraft:sleep_in_bed":25,"minecraft:time_since_rest":4479,"minecraft:damage_taken":11608,"minecraft:trigger_trapped_chest":2,"minecraft:damage_dealt":8726,"minecraft:player_kills":10,"minecraft:swim_one_cm":67140,"minecraft:fly_one_cm":1272828,"minecraft:open_chest":98,"minecraft:crouch_one_cm":111473,"minecraft:interact_with_smoker":10,"minecraft:fall_one_cm":252336},"minecraft:crafted":{"minecraft:oak_planks":148,"inmis:gilded_backpack":1,"minecraft:birch_slab":6,"minecraft:furnace":6,"inmis:bejeweled_backpack":1,"minecraft:lever":1,"minecraft:cooked_mutton":11,"minecraft:glass":6,"minecraft:iron_axe":1,"minecraft:ladder":12,"minecraft:stone_pickaxe":1,"minecraft:chest":2,"minecraft:smoker":1,"minecraft:wheat":9,"minecraft:cooked_beef":26,"betternether:birch_taburet":1,"minecraft:diamond_sword":2,"minecraft:jungle_wood":12,"minecraft:emerald":4,"minecraft:cooked_porkchop":7,"minecraft:crafting_table":10,"minecraft:wooden_pickaxe":1,"minecraft:fletching_table":1,"minecraft:bucket":1,"minecraft:birch_planks":80,"minecraft:stone_axe":1,"minecraft:bread":3,"betternether:birch_chair":2,"minecraft:acacia_boat":3,"minecraft:air":0,"minecraft:jungle_planks":228,"minecraft:iron_chestplate":1,"minecraft:white_wool":10,"inmis:plated_backpack":1,"minecraft:stick":200,"minecraft:iron_ingot":42,"minecraft:iron_pickaxe":1,"minecraft:wooden_axe":2,"minecraft:stone_sword":1,"minecraft:iron_leggings":1,"minecraft:gold_ingot":8,"inmis:frayed_backpack":1,"minecraft:white_bed":1,"minecraft:acacia_planks":168,"minecraft:orange_bed":1,"minecraft:shears":14},"minecraft:mined":{"minecraft:dark_oak_planks":3,"minecraft:tuff":1,"minecraft:white_bed":5,"minecraft:mossy_cobblestone":1,"minecraft:deepslate_diamond_ore":57,"minecraft:jungle_slab":3,"minecraft:jungle_leaves":476,"minecraft:acacia_log":56,"minecraft:grass_block":5,"minecraft:jungle_planks":26,"minecraft:jungle_log":181,"minecraft:spawner":2,"minecraft:hay_block":1,"minecraft:furnace":10,"minecraft:iron_ore":61,"minecraft:cobbled_deepslate":1,"betternether:birch_taburet":3,"minecraft:deepslate_iron_ore":16,"minecraft:vine":17,"minecraft:stone":32,"minecraft:bone_block":12,"minecraft:white_wool":13,"minecraft:orange_bed":4,"minecraft:jungle_trapdoor":6,"minecraft:cut_sandstone":29,"gravestones:gravestone":2,"minecraft:dandelion":2,"minecraft:crafting_table":7,"minecraft:torch":3,"minecraft:poppy":1,"minecraft:dead_bush":1,"minecraft:tall_grass":2,"minecraft:cobblestone":25,"minecraft:deepslate_gold_ore":19,"minecraft:oak_planks":2,"minecraft:wall_torch":4,"betternether:birch_chair":3,"minecraft:seagrass":1,"minecraft:coarse_dirt":1,"minecraft:jungle_wood":7,"minecraft:birch_log":27,"minecraft:orange_tulip":17,"minecraft:tnt":5,"minecraft:grass":32,"minecraft:coal_ore":10,"minecraft:oak_log":50,"minecraft:gravel":10,"minecraft:dirt":1,"minecraft:sand":7,"minecraft:cobweb":29,"minecraft:acacia_planks":14,"minecraft:oak_leaves":249,"minecraft:deepslate":63,"minecraft:fern":3},"minecraft:killed_by":{"minecraft:player":1,"minecraft:iron_golem":2,"minecraft:vindicator":2,"minecraft:cave_spider":8},"minecraft:dropped":{"minecraft:vine":4,"minecraft:wheat_seeds":13,"minecraft:glass_bottle":2,"minecraft:diamond":10,"minecraft:cooked_porkchop":6,"minecraft:orange_tulip":16,"minecraft:feather":3,"minecraft:leather":2,"minecraft:apple":1,"minecraft:stick":15,"minecraft:dirt":4,"minecraft:grass":5,"minecraft:wooden_axe":1,"minecraft:cut_sandstone":58,"minecraft:potion":2,"minecraft:jungle_leaves":6,"minecraft:iron_axe":1,"minecraft:orange_bed":1,"minecraft:string":8,"minecraft:birch_log":7,"minecraft:white_wool":8,"minecraft:bone":9,"minecraft:gold_ingot":7,"minecraft:dandelion":2,"minecraft:stone_axe":1,"minecraft:sugar_cane":1,"minecraft:stone_sword":1,"minecraft:cobbled_deepslate":13,"minecraft:birch_sapling":3,"minecraft:raw_iron":56,"minecraft:rotten_flesh":2,"minecraft:clay_ball":4,"minecraft:fern":1,"gravestones:gravestone":2,"minecraft:white_bed":1,"minecraft:orange_wool":2,"minecraft:shears":8,"minecraft:diamond_sword":1,"minecraft:poppy":1,"minecraft:gunpowder":4,"minecraft:iron_chestplate":3,"minecraft:melon_seeds":4,"minecraft:jungle_log":1,"minecraft:oak_sapling":9,"minecraft:spider_eye":3,"minecraft:arrow":9,"minecraft:bow":2,"minecraft:stone_pickaxe":1,"minecraft:wooden_pickaxe":2},"minecraft:killed":{"minecraft:cave_spider":2,"minecraft:spider":5,"minecraft:horse":5,"minecraft:skeleton":9,"friendsandfoes:mauler":2,"minecraft:chicken":2,"minecraft:pig":5,"minecraft:creeper":1,"minecraft:sheep":1,"minecraft:zombie":2,"minecraft:player":7,"minecraft:villager":2,"minecraft:cow":2},"minecraft:picked_up":{"minecraft:wooden_axe":1,"minecraft:coarse_dirt":1,"minecraft:crafting_table":7,"minecraft:chainmail_boots":1,"minecraft:chicken":2,"minecraft:ladder":2,"minecraft:clay_ball":4,"friendsandfoes:totem_of_illusion":1,"minecraft:wooden_pickaxe":2,"minecraft:potion":1,"betternether:birch_chair":3,"minecraft:shield":1,"minecraft:jungle_trapdoor":6,"minecraft:string":50,"minecraft:iron_axe":2,"minecraft:armor_stand":4,"minecraft:cobbled_deepslate":65,"minecraft:beef":4,"minecraft:poppy":1,"minecraft:sugar_cane":1,"minecraft:birch_sapling":5,"minecraft:furnace":10,"minecraft:iron_boots":1,"minecraft:egg":3,"minecraft:raw_iron":87,"minecraft:stick":43,"minecraft:torch":8,"minecraft:acacia_log":47,"minecraft:porkchop":29,"minecraft:carrot":9,"minecraft:vine":7,"minecraft:dark_oak_planks":3,"inmis:gilded_backpack":1,"minecraft:tnt":7,"minecraft:orange_bed":7,"minecraft:stone_sword":1,"minecraft:arrow":17,"minecraft:rotten_flesh":2,"minecraft:shears":3,"minecraft:hay_block":1,"minecraft:gold_ingot":5,"gravestones:gravestone":3,"minecraft:mutton":2,"inmis:bejeweled_backpack":1,"minecraft:bone_block":9,"minecraft:white_wool":8,"minecraft:cobblestone":60,"minecraft:birch_log":27,"minecraft:feather":3,"minecraft:cooked_beef":2,"minecraft:glow_ink_sac":6,"minecraft:jungle_log":132,"minecraft:leather":10,"betternether:birch_taburet":2,"minecraft:cut_sandstone":60,"minecraft:fern":1,"minecraft:jungle_fence":2,"minecraft:jungle_wood":9,"minecraft:flint":2,"minecraft:tuff":1,"minecraft:oak_log":37,"minecraft:gunpowder":1,"minecraft:acacia_boat":2,"minecraft:dirt":7,"minecraft:bone":16,"minecraft:acacia_planks":60,"minecraft:apple":2,"minecraft:bow":3,"minecraft:wheat_seeds":16,"minecraft:orange_tulip":16,"minecraft:raw_gold":18,"minecraft:iron_ingot":3,"minecraft:stone_pickaxe":1,"minecraft:glass_bottle":1,"minecraft:oak_planks":2,"minecraft:acacia_sapling":4,"minecraft:oak_slab":2,"minecraft:cooked_porkchop":5,"minecraft:dandelion":2,"minecraft:gravel":8,"minecraft:sand":7,"minecraft:jungle_planks":30,"minecraft:white_bed":7,"minecraft:jungle_slab":2,"minecraft:spider_eye":4,"minecraft:mossy_cobblestone":1,"minecraft:jungle_leaves":615,"minecraft:diamond":71,"minecraft:iron_helmet":1,"minecraft:grass":12,"minecraft:golden_apple":1,"minecraft:emerald":1,"minecraft:bread":40,"minecraft:oak_sapling":24,"minecraft:melon_seeds":4,"minecraft:coal":11,"minecraft:oak_leaves":454},"minecraft:broken":{"minecraft:stone_sword":1,"minecraft:shears":2,"minecraft:iron_axe":1,"minecraft:iron_pickaxe":1,"minecraft:wooden_axe":2}},"DataVersion":3465}