{"stats":{"minecraft:broken":{"minecraft:wooden_axe":1},"minecraft:picked_up":{"minecraft:birch_log":5,"minecraft:stick":2,"minecraft:crafting_table":1,"minecraft:leather":12,"minecraft:lead":1,"minecraft:acacia_log":1,"minecraft:oak_log":17,"minecraft:dirt":5,"minecraft:beef":17,"minecraft:oak_sapling":4,"minecraft:cobblestone":8},"minecraft:killed_by":{"minecraft:player":3,"minecraft:creeper":1},"minecraft:crafted":{"minecraft:oak_planks":48,"minecraft:charcoal":2,"minecraft:crafting_table":4,"minecraft:stick":12,"minecraft:wooden_pickaxe":1,"minecraft:wooden_axe":3,"minecraft:furnace":1,"minecraft:birch_planks":20,"minecraft:air":0},"minecraft:dropped":{"minecraft:dirt":4},"minecraft:mined":{"minecraft:birch_log":5,"minecraft:crafting_table":1,"minecraft:grass":4,"minecraft:oak_log":16,"minecraft:stone":10,"minecraft:oak_leaves":4},"minecraft:killed":{"minecraft:trader_llama":1,"minecraft:zombie":1,"minecraft:spider":1,"minecraft:player":3,"minecraft:cow":9},"minecraft:used":{"minecraft:wooden_axe":54,"minecraft:oak_planks":1,"minecraft:wooden_pickaxe":10,"minecraft:beef":4,"minecraft:crafting_table":5,"minecraft:furnace":1,"minecraft:oak_sapling":4},"minecraft:custom":{"minecraft:time_since_rest":6553,"minecraft:interact_with_furnace":2,"minecraft:sprint_one_cm":68106,"minecraft:damage_taken":1454,"minecraft:walk_one_cm":32669,"minecraft:mob_kills":12,"minecraft:drop":4,"minecraft:damage_dealt":2745,"minecraft:player_kills":3,"minecraft:interact_with_crafting_table":6,"minecraft:talked_to_villager":2,"minecraft:fly_one_cm":114937,"minecraft:crouch_one_cm":41,"minecraft:play_time":22314,"minecraft:deaths":5,"minecraft:sneak_time":21,"minecraft:jump":598,"minecraft:leave_game":1,"minecraft:time_since_death":6522,"minecraft:total_world_time":22314,"minecraft:fall_one_cm":22463}},"DataVersion":3465}