{"stats":{"minecraft:picked_up":{"minecraft:wooden_axe":2,"minecraft:seagrass":1,"minecraft:iron_chestplate":8,"minecraft:chainmail_boots":1,"minecraft:lead":1,"minecraft:diamond_sword":1,"minecraft:potion":3,"minecraft:enchanted_book":1,"betternether:birch_chair":2,"minecraft:brewing_stand":6,"minecraft:string":44,"minecraft:raw_copper":5,"minecraft:smooth_stone_slab":1,"minecraft:iron_leggings":5,"minecraft:armor_stand":7,"minecraft:pufferfish":4,"minecraft:cobbled_deepslate":86,"minecraft:dark_oak_leaves":10,"minecraft:melon_slice":31,"minecraft:iron_boots":3,"minecraft:furnace":8,"minecraft:stick":82,"minecraft:jungle_door":1,"minecraft:torch":30,"minecraft:acacia_log":8,"minecraft:porkchop":12,"minecraft:lightning_rod":1,"minecraft:vine":38,"minecraft:rotten_flesh":44,"minecraft:cod":2,"minecraft:cobblestone":68,"minecraft:birch_log":45,"minecraft:feather":6,"minecraft:cooked_beef":5,"minecraft:birch_slab":8,"minecraft:jungle_log":125,"betternether:birch_taburet":2,"minecraft:jungle_wood":47,"minecraft:potato":1,"minecraft:flint":2,"minecraft:lapis_lazuli":6,"minecraft:dirt":38,"minecraft:leather_boots":2,"minecraft:bone":34,"minecraft:acacia_planks":4,"minecraft:bow":1,"minecraft:wheat_seeds":9,"minecraft:orange_tulip":2,"minecraft:raw_gold":2,"minecraft:dark_oak_sign":3,"minecraft:diamond_helmet":1,"minecraft:bamboo":4,"minecraft:oak_planks":37,"minecraft:cooked_porkchop":3,"minecraft:sand":26,"minecraft:jungle_planks":104,"minecraft:melon":2,"minecraft:mossy_cobblestone":16,"minecraft:grass_block":1,"minecraft:cyan_bed":7,"minecraft:jungle_slab":14,"minecraft:barrel":1,"minecraft:orange_wool":2,"minecraft:jungle_leaves":702,"minecraft:light_gray_terracotta":1,"minecraft:diamond":17,"minecraft:grass":22,"minecraft:golden_apple":2,"minecraft:golden_horse_armor":1,"minecraft:emerald":3,"minecraft:bread":2,"minecraft:oak_sapling":28,"minecraft:oak_leaves":581,"minecraft:fishing_rod":5,"minecraft:cocoa_beans":12,"minecraft:crafting_table":14,"minecraft:chicken":8,"minecraft:ladder":3,"minecraft:clay_ball":4,"minecraft:brown_mushroom":1,"friendsandfoes:totem_of_illusion":1,"minecraft:gold_block":1,"minecraft:brick":3,"minecraft:jungle_trapdoor":5,"minecraft:iron_axe":2,"minecraft:item_frame":1,"minecraft:iron_shovel":1,"minecraft:blackstone":1,"minecraft:beef":59,"minecraft:observer":1,"minecraft:jungle_sapling":10,"minecraft:iron_nugget":36,"minecraft:light_gray_wool":4,"minecraft:sugar_cane":8,"minecraft:chest":4,"minecraft:birch_sapling":8,"minecraft:raw_iron":178,"minecraft:stone":17,"minecraft:copper_ingot":3,"minecraft:dark_oak_planks":1,"inmis:gilded_backpack":1,"minecraft:tnt":2,"inmis:frayed_backpack":1,"minecraft:arrow":23,"minecraft:shears":10,"minecraft:hay_block":49,"minecraft:gold_ingot":3,"gravestones:gravestone":10,"minecraft:mutton":17,"minecraft:bone_block":27,"minecraft:white_wool":10,"minecraft:birch_leaves":2,"minecraft:tripwire_hook":2,"minecraft:salmon":1,"minecraft:cut_sandstone":47,"minecraft:leather":28,"minecraft:fern":10,"minecraft:jungle_fence":11,"minecraft:birch_planks":1,"minecraft:oak_log":50,"mcwroofs:jungle_attic_roof":5,"minecraft:gunpowder":3,"minecraft:white_banner":1,"minecraft:apple":1,"minecraft:kelp":30,"minecraft:iron_ingot":6,"friendsandfoes:acacia_beehive":1,"minecraft:iron_sword":1,"minecraft:acacia_sapling":2,"betternether:oak_chair":1,"minecraft:book":30,"minecraft:oak_slab":1,"minecraft:birch_boat":1,"minecraft:sweet_berries":60,"minecraft:red_wool":2,"minecraft:dandelion":2,"minecraft:raw_iron_block":1,"minecraft:gravel":12,"minecraft:blast_furnace":3,"minecraft:white_bed":1,"minecraft:spider_eye":7,"minecraft:stone_axe":1,"minecraft:iron_helmet":2,"minecraft:gray_wool":1,"minecraft:coal":52,"minecraft:ender_pearl":1},"minecraft:dropped":{"minecraft:iron_sword":2,"minecraft:brown_mushroom":1,"minecraft:birch_planks":2,"inmis:frayed_backpack":1,"minecraft:cooked_beef":6,"minecraft:glass_bottle":1,"minecraft:diamond":13,"minecraft:crafting_table":6,"minecraft:cooked_porkchop":2,"minecraft:jungle_fence":2,"minecraft:orange_tulip":1,"minecraft:leather":8,"minecraft:jungle_planks":15,"minecraft:fletching_table":1,"minecraft:birch_slab":10,"minecraft:emerald":1,"friendsandfoes:totem_of_illusion":1,"minecraft:item_frame":1,"minecraft:music_disc_11":1,"minecraft:dirt":28,"minecraft:grass":21,"minecraft:mutton":10,"minecraft:seagrass":1,"minecraft:cut_sandstone":3,"minecraft:jungle_sapling":10,"minecraft:bone_meal":105,"minecraft:bone_block":3,"minecraft:iron_pickaxe":2,"minecraft:dark_oak_planks":1,"minecraft:fishing_rod":1,"minecraft:white_wool":4,"minecraft:armor_stand":1,"minecraft:gold_ingot":2,"minecraft:bone":11,"minecraft:stone_axe":1,"minecraft:cobbled_deepslate":18,"minecraft:birch_sapling":8,"minecraft:rotten_flesh":30,"minecraft:fern":10,"minecraft:cooked_mutton":1,"minecraft:gunpowder":3,"minecraft:chainmail_boots":1,"minecraft:jungle_log":19,"minecraft:leather_boots":1,"minecraft:ladder":3,"minecraft:acacia_sapling":2,"minecraft:arrow":23,"minecraft:beef":6,"minecraft:oak_leaves":168,"minecraft:iron_ingot":6,"minecraft:bread":51,"minecraft:oak_slab":1,"minecraft:vine":26,"minecraft:birch_leaves":2,"minecraft:wheat_seeds":9,"minecraft:mossy_cobblestone":16,"minecraft:golden_horse_armor":2,"minecraft:prismarine_shard":3,"minecraft:iron_helmet":1,"minecraft:feather":1,"minecraft:cobblestone":10,"minecraft:jungle_wood":2,"minecraft:apple":11,"minecraft:copper_ingot":2,"minecraft:stick":73,"minecraft:pufferfish":1,"minecraft:jungle_slab":19,"minecraft:dark_oak_leaves":10,"minecraft:torch":1,"minecraft:wooden_axe":3,"minecraft:melon_slice":8,"minecraft:diamond_helmet":1,"minecraft:potion":2,"minecraft:iron_leggings":3,"minecraft:jungle_leaves":197,"minecraft:iron_axe":2,"minecraft:string":5,"minecraft:acacia_planks":5,"minecraft:dandelion":2,"minecraft:kelp":15,"minecraft:stone_sword":1,"minecraft:raw_copper":5,"minecraft:cocoa_beans":12,"minecraft:smooth_stone_slab":1,"minecraft:light_gray_terracotta":1,"inmis:gilded_backpack":2,"minecraft:raw_iron":23,"minecraft:chicken":1,"minecraft:light_gray_wool":1,"minecraft:iron_boots":1,"gravestones:gravestone":5,"minecraft:shears":7,"minecraft:lightning_rod":1,"minecraft:potato":9,"minecraft:hay_block":1,"minecraft:shield":2,"mcwroofs:jungle_attic_roof":1,"minecraft:iron_chestplate":3,"minecraft:oak_sapling":21,"minecraft:wooden_shovel":2,"minecraft:spider_eye":7,"minecraft:bamboo":4,"minecraft:stone_pickaxe":1,"minecraft:wooden_pickaxe":1,"minecraft:raw_gold":1,"minecraft:brick":3},"minecraft:mined":{"minecraft:dark_oak_planks":2,"minecraft:white_bed":2,"minecraft:jungle_slab":5,"minecraft:jungle_leaves":1025,"minecraft:brewing_stand":6,"minecraft:acacia_log":5,"minecraft:grass_block":8,"minecraft:jungle_log":189,"minecraft:spawner":7,"minecraft:raw_iron_block":1,"minecraft:magma_block":1,"minecraft:fire":2,"minecraft:iron_ore":39,"minecraft:cobbled_deepslate":19,"minecraft:barrel":1,"minecraft:azalea":1,"minecraft:jungle_trapdoor":5,"minecraft:cut_sandstone":49,"minecraft:brown_mushroom":1,"minecraft:jungle_door":1,"minecraft:kelp_plant":4,"minecraft:torch":5,"minecraft:light_gray_terracotta":1,"minecraft:melon":7,"minecraft:blast_furnace":4,"minecraft:calcite":1,"minecraft:chest":4,"minecraft:glass":6,"minecraft:cobblestone":29,"minecraft:cyan_bed":7,"minecraft:oak_planks":8,"minecraft:sugar_cane":5,"betternether:birch_chair":2,"minecraft:wall_torch":12,"minecraft:jungle_wood":45,"minecraft:birch_log":50,"minecraft:orange_tulip":1,"minecraft:light_gray_wool":2,"minecraft:tnt":4,"minecraft:smooth_stone_slab":1,"minecraft:grass":67,"minecraft:oak_log":39,"minecraft:sand":27,"minecraft:dirt":10,"minecraft:tripwire_hook":1,"minecraft:netherrack":6,"minecraft:oak_leaves":760,"minecraft:deepslate":52,"minecraft:mossy_cobblestone":3,"minecraft:dark_oak_leaves":11,"minecraft:deepslate_diamond_ore":12,"minecraft:jungle_planks":107,"minecraft:birch_slab":4,"minecraft:moss_block":1,"minecraft:kelp":3,"minecraft:large_fern":4,"minecraft:hay_block":50,"betternether:oak_chair":1,"minecraft:furnace":8,"betternether:birch_taburet":1,"minecraft:gold_block":1,"minecraft:bookshelf":10,"minecraft:deepslate_iron_ore":33,"minecraft:vine":64,"mcwroofs:jungle_attic_roof":8,"minecraft:stone":53,"minecraft:bone_block":30,"minecraft:white_wool":3,"minecraft:cake":1,"minecraft:oak_slab":1,"gravestones:gravestone":4,"minecraft:red_wool":3,"minecraft:observer":1,"minecraft:dandelion":2,"minecraft:crafting_table":6,"minecraft:lightning_rod":1,"minecraft:copper_ore":2,"minecraft:tall_grass":6,"friendsandfoes:acacia_beehive":1,"minecraft:lapis_ore":1,"minecraft:beehive":1,"minecraft:sweet_berry_bush":17,"minecraft:birch_leaves":6,"minecraft:jungle_fence":11,"minecraft:white_wall_banner":1,"minecraft:coal_ore":18,"minecraft:cocoa":1,"minecraft:gravel":23,"minecraft:cobweb":3,"minecraft:acacia_planks":3,"minecraft:fern":15},"minecraft:custom":{"minecraft:interact_with_crafting_table":79,"minecraft:open_barrel":18,"minecraft:leave_game":6,"minecraft:time_since_death":1680,"minecraft:sprint_one_cm":1239091,"minecraft:damage_blocked_by_shield":2420,"minecraft:drop":466,"minecraft:talked_to_villager":8,"minecraft:play_time":473677,"minecraft:deaths":31,"minecraft:jump":10307,"minecraft:walk_on_water_one_cm":54124,"minecraft:interact_with_furnace":169,"minecraft:traded_with_villager":4,"minecraft:sleep_in_bed":22,"minecraft:damage_dealt":31982,"minecraft:player_kills":11,"minecraft:crouch_one_cm":102179,"minecraft:interact_with_smoker":10,"minecraft:mob_kills":166,"minecraft:climb_one_cm":115841,"minecraft:walk_one_cm":1032671,"minecraft:sneak_time":33237,"minecraft:walk_under_water_one_cm":74198,"minecraft:interact_with_lectern":1,"minecraft:boat_one_cm":161711,"minecraft:interact_with_blast_furnace":2,"minecraft:total_world_time":473677,"minecraft:time_since_rest":1703,"minecraft:damage_absorbed":79,"minecraft:damage_taken":16921,"minecraft:trigger_trapped_chest":1,"minecraft:swim_one_cm":141120,"minecraft:fly_one_cm":1719497,"minecraft:open_chest":260,"minecraft:fish_caught":6,"minecraft:fall_one_cm":350763},"minecraft:used":{"minecraft:bone_block":10,"minecraft:chest":15,"minecraft:shield":114,"betternether:birch_taburet":1,"minecraft:stone":8,"minecraft:iron_sword":52,"minecraft:grass":1,"minecraft:iron_chestplate":5,"minecraft:mutton":4,"minecraft:jungle_planks":373,"minecraft:jungle_slab":19,"minecraft:glass":5,"minecraft:grass_block":1,"minecraft:iron_helmet":1,"minecraft:sweet_berries":47,"minecraft:oak_sapling":5,"minecraft:furnace":10,"minecraft:oak_planks":28,"minecraft:stone_pickaxe":37,"minecraft:jungle_fence":18,"minecraft:orange_tulip":1,"minecraft:ender_pearl":1,"minecraft:wooden_pickaxe":61,"minecraft:oak_leaves":413,"minecraft:golden_apple":2,"minecraft:white_wool":6,"minecraft:glow_berries":2,"minecraft:blast_furnace":3,"minecraft:shears":1683,"minecraft:light_gray_concrete":1,"minecraft:melon_slice":23,"minecraft:birch_slab":4,"minecraft:bread":101,"minecraft:cyan_bed":7,"minecraft:gravel":12,"minecraft:pufferfish":3,"minecraft:diamond_sword":302,"minecraft:bone_meal":21,"minecraft:jungle_leaves":386,"minecraft:stone_sword":122,"minecraft:armor_stand":9,"minecraft:wooden_shovel":27,"minecraft:cooked_chicken":3,"minecraft:orange_bed":1,"minecraft:torch":174,"minecraft:brewing_stand":6,"minecraft:dirt":3,"minecraft:diamond_helmet":1,"minecraft:jungle_trapdoor":11,"minecraft:wooden_axe":90,"minecraft:iron_axe":572,"gravestones:gravestone":5,"minecraft:jungle_log":21,"minecraft:iron_boots":2,"minecraft:light_gray_wool":3,"minecraft:tripwire_hook":1,"minecraft:beef":4,"minecraft:goat_horn":18,"minecraft:cooked_beef":25,"minecraft:observer":2,"minecraft:cobbled_deepslate":68,"minecraft:acacia_planks":3,"minecraft:iron_leggings":4,"betternether:oak_chair":3,"minecraft:cooked_mutton":2,"minecraft:acacia_boat":1,"minecraft:birch_planks":4,"minecraft:birch_boat":2,"minecraft:cut_sandstone":44,"minecraft:salmon":1,"minecraft:jungle_wood":15,"minecraft:vine":12,"minecraft:oak_slab":2,"minecraft:tnt":2,"minecraft:crafting_table":15,"minecraft:white_bed":1,"minecraft:cod":2,"minecraft:cake":1,"minecraft:apple":44,"minecraft:iron_pickaxe":306,"friendsandfoes:acacia_beehive":1,"minecraft:fishing_rod":190,"minecraft:cobblestone":37,"minecraft:potion":1,"minecraft:porkchop":2,"minecraft:cooked_porkchop":9,"minecraft:jungle_door":3,"mcwroofs:jungle_attic_roof":12,"minecraft:gray_wool":1,"minecraft:splash_potion":1},"minecraft:killed":{"minecraft:cave_spider":9,"minecraft:witch":1,"minecraft:spider":11,"minecraft:skeleton":25,"minecraft:bee":4,"minecraft:chicken":9,"minecraft:illusioner":1,"minecraft:turtle":1,"minecraft:pig":6,"minecraft:iron_golem":1,"minecraft:creeper":6,"minecraft:sheep":8,"minecraft:trader_llama":1,"minecraft:pillager":1,"minecraft:zombie":26,"minecraft:donkey":1,"minecraft:cow":28,"minecraft:vindicator":2,"minecraft:horse":2,"friendsandfoes:mauler":2,"minecraft:drowned":1,"minecraft:husk":12,"minecraft:player":9,"minecraft:enderman":3},"minecraft:crafted":{"minecraft:oak_planks":192,"minecraft:cooked_chicken":3,"minecraft:birch_boat":1,"minecraft:birch_slab":6,"minecraft:cooked_mutton":3,"minecraft:glass":9,"minecraft:iron_boots":2,"minecraft:chest":13,"mcwroofs:jungle_attic_roof":8,"minecraft:oak_slab":6,"minecraft:wooden_shovel":2,"minecraft:emerald":4,"minecraft:cooked_porkchop":8,"minecraft:crafting_table":7,"minecraft:iron_helmet":2,"minecraft:wooden_pickaxe":2,"betternether:oak_chair":2,"minecraft:fletching_table":1,"minecraft:birch_planks":180,"minecraft:iron_chestplate":1,"inmis:plated_backpack":2,"minecraft:charcoal":2,"minecraft:shield":6,"minecraft:stick":216,"minecraft:iron_ingot":101,"minecraft:iron_pickaxe":2,"minecraft:stone_sword":1,"minecraft:gold_ingot":18,"inmis:frayed_backpack":2,"minecraft:shears":5,"minecraft:raw_iron":9,"inmis:gilded_backpack":2,"minecraft:furnace":2,"minecraft:jungle_trapdoor":6,"inmis:bejeweled_backpack":1,"minecraft:bone_meal":126,"minecraft:iron_axe":2,"minecraft:stone_pickaxe":1,"minecraft:jungle_fence":9,"minecraft:wheat":432,"minecraft:cooked_beef":26,"minecraft:iron_sword":2,"minecraft:jungle_slab":24,"minecraft:bread":145,"minecraft:air":0,"minecraft:jungle_planks":400,"minecraft:jungle_door":3,"minecraft:wooden_axe":4,"minecraft:iron_leggings":1,"minecraft:acacia_planks":16,"minecraft:orange_bed":1,"minecraft:torch":148},"minecraft:broken":{"minecraft:shears":6,"minecraft:iron_boots":2,"minecraft:wooden_axe":2,"minecraft:fishing_rod":4,"minecraft:wooden_pickaxe":1,"minecraft:iron_axe":2,"minecraft:iron_helmet":1},"minecraft:killed_by":{"minecraft:creeper":1,"minecraft:cave_spider":4,"minecraft:player":13}},"DataVersion":3465}