{"stats":{"minecraft:used":{"minecraft:bone_block":10,"minecraft:chest":15,"minecraft:shield":63,"betternether:birch_taburet":1,"minecraft:stone":8,"minecraft:iron_sword":29,"minecraft:grass":1,"minecraft:iron_chestplate":3,"minecraft:jungle_planks":330,"minecraft:jungle_slab":19,"minecraft:iron_helmet":1,"minecraft:oak_sapling":5,"minecraft:furnace":10,"minecraft:oak_planks":24,"minecraft:stone_pickaxe":37,"minecraft:jungle_fence":18,"minecraft:orange_tulip":1,"minecraft:wooden_pickaxe":61,"minecraft:oak_leaves":46,"minecraft:white_wool":2,"minecraft:golden_apple":1,"minecraft:glow_berries":2,"minecraft:blast_furnace":3,"minecraft:shears":886,"minecraft:birch_slab":4,"minecraft:bread":101,"minecraft:cyan_bed":7,"minecraft:gravel":8,"minecraft:diamond_sword":169,"minecraft:bone_meal":21,"minecraft:jungle_leaves":169,"minecraft:stone_sword":122,"minecraft:armor_stand":9,"minecraft:cooked_chicken":3,"minecraft:orange_bed":1,"minecraft:torch":134,"minecraft:brewing_stand":6,"minecraft:jungle_trapdoor":11,"minecraft:wooden_axe":90,"minecraft:iron_axe":410,"gravestones:gravestone":2,"minecraft:jungle_log":1,"minecraft:iron_boots":1,"minecraft:beef":4,"minecraft:goat_horn":16,"minecraft:cooked_beef":16,"minecraft:cobbled_deepslate":68,"minecraft:acacia_planks":3,"minecraft:iron_leggings":2,"betternether:oak_chair":3,"minecraft:birch_planks":4,"minecraft:birch_boat":2,"minecraft:cut_sandstone":44,"minecraft:jungle_wood":13,"minecraft:vine":12,"minecraft:oak_slab":2,"minecraft:tnt":2,"minecraft:crafting_table":14,"minecraft:white_bed":1,"minecraft:cake":1,"minecraft:iron_pickaxe":255,"friendsandfoes:acacia_beehive":1,"minecraft:cobblestone":25,"minecraft:cooked_porkchop":4,"minecraft:jungle_door":3,"minecraft:splash_potion":1},"minecraft:custom":{"minecraft:interact_with_crafting_table":73,"minecraft:open_barrel":18,"minecraft:leave_game":5,"minecraft:time_since_death":165319,"minecraft:sprint_one_cm":849322,"minecraft:damage_blocked_by_shield":1817,"minecraft:drop":311,"minecraft:talked_to_villager":8,"minecraft:play_time":286458,"minecraft:deaths":12,"minecraft:jump":6225,"minecraft:walk_on_water_one_cm":23015,"minecraft:interact_with_furnace":116,"minecraft:traded_with_villager":4,"minecraft:sleep_in_bed":19,"minecraft:damage_dealt":22732,"minecraft:player_kills":7,"minecraft:crouch_one_cm":44100,"minecraft:interact_with_smoker":1,"minecraft:mob_kills":118,"minecraft:climb_one_cm":48447,"minecraft:walk_one_cm":668930,"minecraft:sneak_time":12160,"minecraft:walk_under_water_one_cm":19880,"minecraft:interact_with_lectern":1,"minecraft:boat_one_cm":133213,"minecraft:total_world_time":286458,"minecraft:time_since_rest":21193,"minecraft:damage_absorbed":40,"minecraft:damage_taken":8317,"minecraft:trigger_trapped_chest":1,"minecraft:swim_one_cm":52454,"minecraft:fly_one_cm":1122541,"minecraft:open_chest":183,"minecraft:fall_one_cm":198701},"minecraft:crafted":{"minecraft:oak_planks":192,"minecraft:cooked_chicken":3,"minecraft:birch_boat":1,"minecraft:birch_slab":6,"minecraft:cooked_mutton":1,"minecraft:iron_boots":2,"minecraft:chest":13,"minecraft:oak_slab":6,"minecraft:emerald":4,"minecraft:cooked_porkchop":3,"minecraft:crafting_table":6,"minecraft:iron_helmet":2,"minecraft:wooden_pickaxe":2,"betternether:oak_chair":2,"minecraft:fletching_table":1,"minecraft:birch_planks":180,"minecraft:iron_chestplate":1,"minecraft:charcoal":2,"inmis:plated_backpack":2,"minecraft:shield":5,"minecraft:iron_pickaxe":2,"minecraft:stick":204,"minecraft:iron_ingot":58,"minecraft:stone_sword":1,"minecraft:gold_ingot":18,"inmis:frayed_backpack":2,"minecraft:shears":2,"minecraft:raw_iron":9,"inmis:gilded_backpack":2,"minecraft:furnace":2,"minecraft:jungle_trapdoor":6,"inmis:bejeweled_backpack":1,"minecraft:bone_meal":126,"minecraft:iron_axe":2,"minecraft:stone_pickaxe":1,"minecraft:jungle_fence":9,"minecraft:wheat":432,"minecraft:cooked_beef":25,"minecraft:iron_sword":1,"minecraft:jungle_slab":24,"minecraft:bread":145,"minecraft:air":0,"minecraft:jungle_planks":324,"minecraft:jungle_door":3,"minecraft:wooden_axe":4,"minecraft:iron_leggings":1,"minecraft:acacia_planks":16,"minecraft:orange_bed":1,"minecraft:torch":116},"minecraft:mined":{"minecraft:dark_oak_planks":2,"minecraft:white_bed":2,"minecraft:jungle_slab":5,"minecraft:jungle_leaves":725,"minecraft:brewing_stand":6,"minecraft:acacia_log":5,"minecraft:grass_block":3,"minecraft:jungle_log":69,"minecraft:spawner":7,"minecraft:magma_block":1,"minecraft:raw_iron_block":1,"minecraft:iron_ore":31,"minecraft:cobbled_deepslate":19,"minecraft:barrel":1,"minecraft:jungle_trapdoor":5,"minecraft:cut_sandstone":49,"minecraft:jungle_door":1,"minecraft:torch":5,"minecraft:light_gray_terracotta":1,"minecraft:blast_furnace":4,"minecraft:calcite":1,"minecraft:chest":4,"minecraft:glass":6,"minecraft:cobblestone":20,"minecraft:cyan_bed":7,"minecraft:sugar_cane":5,"minecraft:oak_planks":8,"betternether:birch_chair":2,"minecraft:wall_torch":10,"minecraft:jungle_wood":37,"minecraft:birch_log":50,"minecraft:tnt":4,"minecraft:orange_tulip":1,"minecraft:grass":22,"minecraft:oak_log":39,"minecraft:dirt":2,"minecraft:netherrack":6,"minecraft:oak_leaves":232,"minecraft:deepslate":52,"minecraft:mossy_cobblestone":1,"minecraft:dark_oak_leaves":11,"minecraft:deepslate_diamond_ore":12,"minecraft:jungle_planks":102,"minecraft:birch_slab":4,"minecraft:moss_block":1,"minecraft:hay_block":50,"betternether:oak_chair":1,"minecraft:furnace":8,"betternether:birch_taburet":1,"minecraft:gold_block":1,"minecraft:bookshelf":10,"minecraft:deepslate_iron_ore":33,"minecraft:vine":45,"minecraft:stone":33,"minecraft:bone_block":30,"minecraft:white_wool":3,"minecraft:cake":1,"minecraft:oak_slab":1,"gravestones:gravestone":2,"minecraft:red_wool":3,"minecraft:dandelion":2,"minecraft:crafting_table":6,"minecraft:lightning_rod":1,"minecraft:tall_grass":5,"friendsandfoes:acacia_beehive":1,"minecraft:lapis_ore":1,"minecraft:beehive":1,"minecraft:birch_leaves":6,"minecraft:jungle_fence":11,"minecraft:white_wall_banner":1,"minecraft:coal_ore":18,"minecraft:cocoa":1,"minecraft:gravel":10,"minecraft:cobweb":3,"minecraft:acacia_planks":3,"minecraft:fern":1},"minecraft:killed_by":{"minecraft:creeper":1,"minecraft:cave_spider":4,"minecraft:player":6},"minecraft:dropped":{"minecraft:iron_sword":2,"minecraft:birch_planks":2,"inmis:frayed_backpack":1,"minecraft:cooked_beef":4,"minecraft:diamond":13,"minecraft:crafting_table":6,"minecraft:cooked_porkchop":2,"minecraft:jungle_fence":2,"minecraft:orange_tulip":1,"minecraft:leather":8,"minecraft:jungle_planks":12,"minecraft:fletching_table":1,"minecraft:birch_slab":10,"minecraft:emerald":1,"friendsandfoes:totem_of_illusion":1,"minecraft:item_frame":1,"minecraft:music_disc_11":1,"minecraft:dirt":21,"minecraft:grass":5,"minecraft:cut_sandstone":3,"minecraft:jungle_sapling":9,"minecraft:bone_meal":105,"minecraft:bone_block":3,"minecraft:iron_pickaxe":2,"minecraft:dark_oak_planks":1,"minecraft:white_wool":4,"minecraft:armor_stand":1,"minecraft:gold_ingot":2,"minecraft:bone":4,"minecraft:stone_axe":1,"minecraft:cobbled_deepslate":18,"minecraft:birch_sapling":8,"minecraft:rotten_flesh":21,"minecraft:cooked_mutton":1,"minecraft:gunpowder":3,"minecraft:leather_boots":1,"minecraft:ladder":1,"minecraft:acacia_sapling":2,"minecraft:chainmail_boots":1,"minecraft:arrow":17,"minecraft:oak_leaves":79,"minecraft:iron_ingot":2,"minecraft:bread":51,"minecraft:oak_slab":1,"minecraft:vine":18,"minecraft:birch_leaves":2,"minecraft:wheat_seeds":7,"minecraft:mossy_cobblestone":1,"minecraft:golden_horse_armor":2,"minecraft:prismarine_shard":3,"minecraft:iron_helmet":1,"minecraft:cobblestone":4,"minecraft:stick":66,"minecraft:jungle_slab":19,"minecraft:dark_oak_leaves":10,"minecraft:torch":1,"minecraft:wooden_axe":3,"minecraft:diamond_helmet":1,"minecraft:potion":2,"minecraft:iron_leggings":2,"minecraft:jungle_leaves":194,"minecraft:iron_axe":2,"minecraft:string":2,"minecraft:acacia_planks":5,"minecraft:dandelion":2,"minecraft:stone_sword":1,"minecraft:cocoa_beans":12,"minecraft:light_gray_terracotta":1,"inmis:gilded_backpack":2,"minecraft:raw_iron":9,"minecraft:iron_boots":1,"gravestones:gravestone":4,"minecraft:shears":2,"minecraft:lightning_rod":1,"minecraft:potato":8,"minecraft:hay_block":1,"minecraft:shield":2,"minecraft:iron_chestplate":2,"minecraft:oak_sapling":18,"minecraft:spider_eye":6,"minecraft:bamboo":4,"minecraft:stone_pickaxe":1,"minecraft:wooden_pickaxe":1,"minecraft:brick":3},"minecraft:killed":{"minecraft:cave_spider":9,"minecraft:spider":8,"minecraft:skeleton":17,"minecraft:bee":4,"minecraft:chicken":7,"minecraft:illusioner":1,"minecraft:pig":3,"minecraft:iron_golem":1,"minecraft:creeper":3,"minecraft:sheep":3,"minecraft:trader_llama":1,"minecraft:pillager":1,"minecraft:zombie":11,"minecraft:donkey":1,"minecraft:cow":26,"minecraft:vindicator":2,"minecraft:horse":2,"friendsandfoes:mauler":2,"minecraft:husk":12,"minecraft:player":7},"minecraft:picked_up":{"minecraft:wooden_axe":2,"minecraft:iron_chestplate":7,"minecraft:chainmail_boots":1,"minecraft:lead":1,"minecraft:diamond_sword":1,"minecraft:potion":3,"minecraft:enchanted_book":1,"betternether:birch_chair":2,"minecraft:brewing_stand":6,"minecraft:string":40,"minecraft:iron_leggings":4,"minecraft:armor_stand":7,"minecraft:cobbled_deepslate":86,"minecraft:dark_oak_leaves":10,"minecraft:furnace":8,"minecraft:iron_boots":3,"minecraft:stick":52,"minecraft:jungle_door":1,"minecraft:torch":19,"minecraft:acacia_log":8,"minecraft:porkchop":9,"minecraft:lightning_rod":1,"minecraft:vine":30,"minecraft:rotten_flesh":31,"minecraft:cobblestone":50,"minecraft:birch_log":45,"minecraft:feather":5,"minecraft:birch_slab":8,"minecraft:jungle_log":68,"betternether:birch_taburet":2,"minecraft:jungle_wood":34,"minecraft:flint":2,"minecraft:lapis_lazuli":6,"minecraft:dirt":22,"minecraft:leather_boots":2,"minecraft:bone":23,"minecraft:acacia_planks":4,"minecraft:wheat_seeds":7,"minecraft:orange_tulip":2,"minecraft:raw_gold":1,"minecraft:dark_oak_sign":3,"minecraft:diamond_helmet":1,"minecraft:bamboo":4,"minecraft:oak_planks":37,"minecraft:cooked_porkchop":3,"minecraft:jungle_planks":96,"minecraft:melon":2,"minecraft:mossy_cobblestone":1,"minecraft:cyan_bed":7,"minecraft:jungle_slab":14,"minecraft:barrel":1,"minecraft:orange_wool":2,"minecraft:jungle_leaves":482,"minecraft:light_gray_terracotta":1,"minecraft:diamond":17,"minecraft:grass":7,"minecraft:golden_apple":2,"minecraft:emerald":3,"minecraft:golden_horse_armor":1,"minecraft:bread":2,"minecraft:oak_sapling":25,"minecraft:oak_leaves":172,"minecraft:cocoa_beans":12,"minecraft:crafting_table":14,"minecraft:chicken":7,"minecraft:ladder":1,"minecraft:clay_ball":4,"friendsandfoes:totem_of_illusion":1,"minecraft:gold_block":1,"minecraft:brick":3,"minecraft:jungle_trapdoor":5,"minecraft:iron_axe":2,"minecraft:item_frame":1,"minecraft:iron_shovel":1,"minecraft:beef":53,"minecraft:jungle_sapling":9,"minecraft:iron_nugget":36,"minecraft:sugar_cane":8,"minecraft:chest":4,"minecraft:birch_sapling":8,"minecraft:raw_iron":164,"minecraft:stone":17,"minecraft:dark_oak_planks":1,"inmis:gilded_backpack":1,"minecraft:tnt":2,"inmis:frayed_backpack":1,"minecraft:arrow":17,"minecraft:shears":3,"minecraft:hay_block":49,"minecraft:gold_ingot":3,"gravestones:gravestone":6,"minecraft:mutton":3,"minecraft:bone_block":27,"minecraft:white_wool":8,"minecraft:birch_leaves":2,"minecraft:cut_sandstone":47,"minecraft:leather":28,"minecraft:jungle_fence":11,"minecraft:birch_planks":1,"minecraft:oak_log":50,"minecraft:gunpowder":3,"minecraft:white_banner":1,"minecraft:apple":1,"minecraft:iron_ingot":6,"friendsandfoes:acacia_beehive":1,"minecraft:iron_sword":1,"minecraft:acacia_sapling":2,"betternether:oak_chair":1,"minecraft:book":30,"minecraft:oak_slab":1,"minecraft:birch_boat":1,"minecraft:red_wool":2,"minecraft:dandelion":2,"minecraft:raw_iron_block":1,"minecraft:gravel":8,"minecraft:blast_furnace":3,"minecraft:white_bed":1,"minecraft:spider_eye":6,"minecraft:stone_axe":1,"minecraft:iron_helmet":2,"minecraft:coal":52},"minecraft:broken":{"minecraft:shears":2,"minecraft:wooden_axe":2,"minecraft:wooden_pickaxe":1,"minecraft:iron_axe":1}},"DataVersion":3465}