{"stats":{"minecraft:picked_up":{"minecraft:lead":1,"minecraft:acacia_log":1,"minecraft:oak_log":11},"minecraft:killed_by":{"minecraft:player":3},"minecraft:crafted":{"minecraft:oak_planks":44,"minecraft:crafting_table":2,"minecraft:stick":8,"minecraft:wooden_pickaxe":1,"minecraft:wooden_axe":2},"minecraft:mined":{"minecraft:grass":3,"minecraft:oak_log":10,"minecraft:oak_leaves":4},"minecraft:killed":{"minecraft:trader_llama":1,"minecraft:player":3},"minecraft:used":{"minecraft:wooden_axe":21,"minecraft:crafting_table":2,"minecraft:oak_planks":1},"minecraft:custom":{"minecraft:time_since_rest":1358,"minecraft:damage_taken":1070,"minecraft:play_time":10314,"minecraft:sprint_one_cm":27261,"minecraft:deaths":4,"minecraft:walk_one_cm":18124,"minecraft:mob_kills":1,"minecraft:jump":336,"minecraft:damage_dealt":1465,"minecraft:leave_game":1,"minecraft:time_since_death":1331,"minecraft:total_world_time":10314,"minecraft:talked_to_villager":2,"minecraft:interact_with_crafting_table":2,"minecraft:fall_one_cm":13813,"minecraft:fly_one_cm":61238,"minecraft:player_kills":3}},"DataVersion":3465}