{"stats":{"minecraft:picked_up":{"minecraft:wooden_axe":2,"minecraft:seagrass":1,"minecraft:iron_chestplate":8,"minecraft:wheat":4,"minecraft:chainmail_boots":1,"minecraft:lead":1,"minecraft:diamond_sword":1,"minecraft:wither_rose":6,"minecraft:potion":3,"minecraft:enchanted_book":1,"betternether:birch_chair":2,"minecraft:brewing_stand":6,"minecraft:string":54,"minecraft:raw_copper":5,"minecraft:smooth_stone_slab":1,"minecraft:iron_leggings":5,"minecraft:armor_stand":7,"minecraft:pufferfish":4,"minecraft:cobbled_deepslate":86,"minecraft:spruce_planks":1,"minecraft:dark_oak_leaves":10,"minecraft:acacia_sign":1,"minecraft:rose_bush":1,"minecraft:written_book":4,"minecraft:azalea":3,"minecraft:smooth_quartz":2,"minecraft:melon_slice":31,"minecraft:iron_boots":3,"minecraft:furnace":10,"minecraft:stick":121,"minecraft:jungle_door":1,"minecraft:sandstone_wall":2,"minecraft:torch":30,"minecraft:acacia_log":8,"minecraft:porkchop":31,"minecraft:lightning_rod":1,"minecraft:vine":38,"minecraft:cactus":8,"minecraft:rotten_flesh":72,"minecraft:bookshelf":3,"minecraft:obsidian":16,"minecraft:cod":2,"minecraft:cobblestone":121,"minecraft:birch_log":129,"minecraft:feather":9,"minecraft:cooked_beef":8,"minecraft:birch_slab":8,"minecraft:jungle_log":133,"betternether:birch_taburet":2,"minecraft:jungle_wood":51,"minecraft:smoker":4,"minecraft:potato":11,"minecraft:flint":3,"minecraft:lapis_lazuli":6,"minecraft:dirt":40,"minecraft:leather_boots":2,"minecraft:bone":50,"minecraft:acacia_planks":4,"minecraft:bow":2,"minecraft:wheat_seeds":31,"minecraft:orange_tulip":2,"minecraft:raw_gold":2,"minecraft:dark_oak_sign":3,"minecraft:diamond_helmet":2,"minecraft:bamboo":15,"minecraft:moss_block":5,"minecraft:stone_hoe":1,"minecraft:oak_planks":63,"minecraft:axolotl_bucket":1,"minecraft:stripped_spruce_log":2,"minecraft:red_sandstone_wall":1,"minecraft:cooked_porkchop":7,"minecraft:sand":26,"minecraft:jungle_planks":105,"minecraft:dark_oak_log":5,"minecraft:melon":2,"minecraft:mossy_cobblestone":16,"minecraft:grass_block":1,"minecraft:cyan_bed":12,"minecraft:jungle_slab":14,"minecraft:barrel":1,"minecraft:orange_wool":2,"minecraft:dark_prismarine":2,"minecraft:jungle_leaves":702,"minecraft:bundle":3,"minecraft:light_gray_terracotta":1,"minecraft:diamond":98,"minecraft:bone_meal":1,"minecraft:grass":22,"minecraft:golden_apple":2,"minecraft:golden_horse_armor":1,"minecraft:emerald":5,"minecraft:bread":2,"minecraft:plenty_pottery_sherd":2,"minecraft:oak_sapling":56,"minecraft:netherrack":6,"minecraft:oak_leaves":581,"minecraft:fishing_rod":5,"minecraft:cocoa_beans":12,"minecraft:crafting_table":17,"minecraft:chicken":11,"minecraft:ladder":7,"minecraft:clay_ball":158,"minecraft:brown_mushroom":1,"minecraft:wooden_pickaxe":2,"friendsandfoes:totem_of_illusion":1,"minecraft:gold_block":1,"minecraft:chain":1,"minecraft:brick":6,"minecraft:jungle_trapdoor":5,"minecraft:moss_carpet":3,"minecraft:iron_axe":2,"minecraft:wooden_sword":1,"minecraft:item_frame":1,"minecraft:iron_shovel":1,"minecraft:blackstone":1,"minecraft:beef":132,"minecraft:spruce_slab":2,"minecraft:poppy":5,"minecraft:observer":1,"minecraft:jungle_sapling":10,"minecraft:iron_nugget":36,"minecraft:light_gray_wool":4,"minecraft:sugar_cane":8,"minecraft:chest":4,"minecraft:birch_sapling":23,"minecraft:egg":3,"minecraft:dark_oak_sapling":1,"minecraft:raw_iron":195,"minecraft:stone":17,"minecraft:copper_ingot":5,"minecraft:dark_oak_planks":1,"inmis:gilded_backpack":1,"minecraft:tnt":2,"inmis:frayed_backpack":3,"minecraft:arrow":45,"minecraft:decorated_pot":10,"minecraft:shears":10,"minecraft:hay_block":76,"minecraft:gold_ingot":3,"gravestones:gravestone":10,"minecraft:glow_berries":12,"minecraft:mutton":28,"minecraft:bone_block":27,"minecraft:white_wool":20,"minecraft:birch_leaves":2,"minecraft:tripwire_hook":2,"minecraft:salmon":1,"minecraft:cut_sandstone":49,"minecraft:leather":67,"minecraft:fern":10,"minecraft:jungle_fence":11,"minecraft:red_mushroom":2,"minecraft:birch_planks":57,"minecraft:packed_mud":1,"minecraft:oak_log":121,"mcwroofs:jungle_attic_roof":5,"minecraft:gunpowder":5,"minecraft:white_banner":1,"minecraft:smooth_sandstone":3,"minecraft:stone_bricks":2,"minecraft:apple":5,"minecraft:kelp":30,"minecraft:iron_ingot":11,"friendsandfoes:acacia_beehive":1,"minecraft:glass_bottle":1,"minecraft:iron_sword":1,"minecraft:acacia_sapling":2,"betternether:oak_chair":1,"minecraft:book":33,"minecraft:scaffolding":3,"minecraft:oak_slab":1,"minecraft:birch_boat":1,"minecraft:sweet_berries":74,"minecraft:stone_brick_slab":1,"minecraft:red_wool":2,"minecraft:dandelion":2,"minecraft:raw_iron_block":1,"minecraft:gravel":17,"minecraft:red_banner":1,"minecraft:blast_furnace":9,"minecraft:white_bed":2,"minecraft:spider_eye":11,"minecraft:stone_axe":1,"minecraft:iron_helmet":2,"minecraft:gray_wool":1,"minecraft:melon_seeds":4,"minecraft:coal":84,"minecraft:ender_pearl":1},"minecraft:dropped":{"minecraft:iron_sword":2,"minecraft:moss_block":1,"minecraft:brown_mushroom":1,"minecraft:birch_planks":21,"minecraft:diamond_axe":1,"inmis:frayed_backpack":4,"minecraft:cooked_beef":18,"minecraft:glass_bottle":3,"minecraft:diamond":14,"minecraft:crafting_table":7,"minecraft:dark_oak_sapling":1,"minecraft:cooked_porkchop":19,"minecraft:jungle_fence":2,"minecraft:orange_tulip":1,"minecraft:leather":8,"minecraft:jungle_planks":27,"minecraft:fletching_table":1,"minecraft:red_sandstone_wall":1,"minecraft:flint":1,"minecraft:birch_slab":10,"minecraft:emerald":1,"friendsandfoes:totem_of_illusion":1,"minecraft:item_frame":1,"minecraft:music_disc_11":1,"minecraft:dirt":28,"minecraft:grass":21,"minecraft:dark_oak_log":5,"minecraft:mutton":10,"minecraft:seagrass":1,"minecraft:cut_sandstone":3,"minecraft:jungle_sapling":10,"minecraft:wooden_sword":2,"minecraft:bone_meal":105,"minecraft:bone_block":3,"minecraft:axolotl_bucket":1,"minecraft:iron_pickaxe":2,"minecraft:dark_oak_planks":1,"minecraft:fishing_rod":1,"minecraft:white_wool":18,"minecraft:armor_stand":1,"minecraft:gold_ingot":2,"minecraft:bone":27,"minecraft:gravel":4,"minecraft:stone_axe":2,"minecraft:cobbled_deepslate":18,"minecraft:obsidian":15,"minecraft:birch_sapling":23,"minecraft:oak_planks":1,"minecraft:rotten_flesh":58,"minecraft:fern":10,"minecraft:cooked_mutton":1,"minecraft:sandstone_wall":2,"minecraft:skeleton_skull":1,"minecraft:melon_seeds":4,"minecraft:azalea":3,"minecraft:gunpowder":5,"minecraft:chainmail_boots":1,"minecraft:jungle_log":19,"minecraft:leather_boots":1,"minecraft:ladder":7,"minecraft:acacia_sapling":2,"inmis:bejeweled_backpack":1,"minecraft:spruce_slab":2,"minecraft:arrow":41,"minecraft:beef":6,"minecraft:written_book":7,"minecraft:oak_leaves":168,"minecraft:netherrack":1,"minecraft:stone_hoe":1,"minecraft:iron_ingot":6,"minecraft:bread":51,"minecraft:oak_slab":1,"minecraft:vine":26,"minecraft:birch_leaves":2,"minecraft:wheat_seeds":26,"minecraft:mossy_cobblestone":16,"minecraft:golden_horse_armor":2,"minecraft:bookshelf":5,"minecraft:diamond_leggings":1,"minecraft:plenty_pottery_sherd":2,"minecraft:prismarine_shard":3,"minecraft:iron_helmet":1,"minecraft:feather":4,"minecraft:cobblestone":12,"minecraft:jungle_wood":2,"minecraft:apple":15,"minecraft:copper_ingot":4,"minecraft:coal":9,"minecraft:stick":109,"minecraft:pufferfish":1,"minecraft:acacia_sign":1,"minecraft:jungle_slab":19,"minecraft:dark_oak_leaves":10,"minecraft:torch":1,"minecraft:wooden_axe":4,"minecraft:rose_bush":1,"minecraft:melon_slice":8,"minecraft:smooth_quartz":2,"minecraft:diamond_helmet":3,"minecraft:wither_rose":1,"minecraft:potion":2,"minecraft:iron_leggings":3,"minecraft:jungle_leaves":197,"minecraft:iron_axe":2,"minecraft:cactus":8,"minecraft:string":15,"minecraft:smooth_sandstone":2,"minecraft:stone_brick_slab":1,"minecraft:acacia_planks":5,"minecraft:dandelion":2,"minecraft:moss_carpet":2,"minecraft:kelp":15,"minecraft:sweet_berries":1,"minecraft:stone_sword":2,"minecraft:raw_copper":5,"minecraft:cocoa_beans":12,"minecraft:smooth_stone_slab":1,"minecraft:light_gray_terracotta":1,"inmis:gilded_backpack":2,"minecraft:raw_iron":23,"minecraft:chicken":1,"minecraft:light_gray_wool":1,"minecraft:clay_ball":42,"minecraft:iron_boots":1,"gravestones:gravestone":5,"minecraft:shears":7,"minecraft:lightning_rod":1,"minecraft:diamond_sword":1,"minecraft:potato":9,"minecraft:hay_block":1,"minecraft:shield":2,"minecraft:diamond_chestplate":1,"mcwroofs:jungle_attic_roof":1,"minecraft:bundle":3,"minecraft:diamond_pickaxe":1,"minecraft:iron_chestplate":3,"minecraft:oak_sapling":46,"minecraft:wooden_shovel":2,"minecraft:stone_bricks":2,"minecraft:spider_eye":11,"minecraft:bamboo":4,"minecraft:diamond_boots":1,"minecraft:bow":1,"minecraft:stone_pickaxe":2,"minecraft:wooden_pickaxe":5,"minecraft:raw_gold":1,"minecraft:dark_prismarine":1,"minecraft:brick":6},"minecraft:mined":{"minecraft:dark_oak_planks":2,"minecraft:spruce_planks":2,"minecraft:oak_sapling":4,"minecraft:white_bed":4,"minecraft:jungle_slab":5,"minecraft:jungle_leaves":1026,"minecraft:obsidian":1,"minecraft:brewing_stand":6,"minecraft:cave_vines_plant":19,"minecraft:acacia_log":5,"minecraft:grass_block":9,"minecraft:jungle_log":198,"minecraft:spawner":10,"minecraft:tall_seagrass":1,"minecraft:raw_iron_block":1,"minecraft:magma_block":1,"minecraft:fire":2,"minecraft:iron_ore":55,"minecraft:cobbled_deepslate":19,"minecraft:barrel":1,"minecraft:cave_vines":12,"minecraft:azalea":2,"minecraft:spruce_slab":2,"minecraft:jungle_trapdoor":5,"minecraft:cut_sandstone":51,"minecraft:brown_mushroom":1,"minecraft:jungle_door":1,"minecraft:smoker":2,"minecraft:kelp_plant":4,"minecraft:clay":28,"minecraft:torch":5,"minecraft:light_gray_terracotta":1,"minecraft:poppy":8,"minecraft:melon":7,"minecraft:blast_furnace":7,"minecraft:calcite":1,"minecraft:chest":4,"minecraft:dead_bush":22,"minecraft:glass":6,"minecraft:cobblestone":29,"minecraft:cyan_bed":11,"minecraft:oak_planks":8,"minecraft:sugar_cane":5,"betternether:birch_chair":2,"minecraft:wall_torch":12,"minecraft:chain":2,"minecraft:light_gray_stained_glass":1,"minecraft:jungle_wood":45,"minecraft:wither_rose":5,"minecraft:wheat":5,"minecraft:birch_log":131,"minecraft:orange_tulip":1,"minecraft:light_gray_wool":2,"minecraft:tnt":4,"minecraft:smooth_stone_slab":1,"minecraft:grass":98,"minecraft:oak_log":120,"minecraft:sand":27,"minecraft:dirt":11,"minecraft:sandstone_wall":1,"minecraft:tripwire_hook":1,"minecraft:netherrack":13,"minecraft:oak_leaves":763,"minecraft:deepslate":52,"minecraft:redstone_lamp":1,"minecraft:dark_prismarine":2,"minecraft:mossy_cobblestone":3,"minecraft:dark_oak_leaves":11,"minecraft:deepslate_diamond_ore":12,"minecraft:dark_oak_log":6,"minecraft:decorated_pot":11,"minecraft:jungle_planks":107,"minecraft:birch_slab":4,"minecraft:red_mushroom":2,"minecraft:moss_block":9,"minecraft:kelp":3,"minecraft:large_fern":6,"minecraft:hay_block":77,"minecraft:black_stained_glass_pane":1,"betternether:oak_chair":1,"minecraft:packed_mud":1,"minecraft:furnace":10,"minecraft:stripped_spruce_log":2,"betternether:birch_taburet":1,"minecraft:gold_block":1,"minecraft:bookshelf":10,"minecraft:potatoes":2,"minecraft:deepslate_iron_ore":35,"minecraft:vine":64,"mcwroofs:jungle_attic_roof":8,"minecraft:bamboo":2,"minecraft:stone":105,"minecraft:bone_block":30,"minecraft:white_wool":3,"minecraft:cake":1,"minecraft:oak_slab":1,"gravestones:gravestone":4,"minecraft:scaffolding":4,"minecraft:red_wool":3,"minecraft:stone_brick_slab":1,"minecraft:observer":1,"minecraft:dandelion":2,"minecraft:smooth_sandstone":1,"minecraft:crafting_table":9,"minecraft:rose_bush":1,"minecraft:lightning_rod":1,"minecraft:copper_ore":2,"minecraft:tall_grass":14,"friendsandfoes:acacia_beehive":1,"minecraft:lapis_ore":1,"minecraft:cactus":3,"minecraft:birch_planks":1,"minecraft:beehive":1,"minecraft:sweet_berry_bush":18,"minecraft:birch_leaves":6,"minecraft:jungle_fence":11,"minecraft:red_wall_banner":1,"minecraft:white_wall_banner":1,"minecraft:coal_ore":37,"minecraft:cocoa":1,"minecraft:gravel":23,"minecraft:cobweb":3,"minecraft:acacia_planks":3,"minecraft:stone_bricks":2,"minecraft:fern":21},"minecraft:custom":{"minecraft:interact_with_crafting_table":107,"minecraft:open_barrel":20,"minecraft:leave_game":6,"minecraft:time_since_death":8652,"minecraft:sprint_one_cm":1719520,"minecraft:damage_blocked_by_shield":2500,"minecraft:drop":746,"minecraft:talked_to_villager":14,"minecraft:play_time":611677,"minecraft:deaths":39,"minecraft:jump":14290,"minecraft:walk_on_water_one_cm":69313,"minecraft:interact_with_furnace":196,"minecraft:traded_with_villager":13,"minecraft:sleep_in_bed":30,"minecraft:damage_dealt":49606,"minecraft:player_kills":12,"minecraft:crouch_one_cm":113938,"minecraft:interact_with_smoker":16,"minecraft:inspect_dispenser":1,"minecraft:horse_one_cm":172,"minecraft:mob_kills":286,"minecraft:climb_one_cm":152037,"minecraft:walk_one_cm":1295094,"minecraft:sneak_time":37023,"minecraft:walk_under_water_one_cm":81499,"minecraft:interact_with_lectern":1,"minecraft:boat_one_cm":264401,"minecraft:interact_with_blast_furnace":16,"minecraft:total_world_time":611677,"minecraft:time_since_rest":8684,"minecraft:damage_absorbed":79,"minecraft:damage_taken":22968,"minecraft:trigger_trapped_chest":1,"minecraft:swim_one_cm":207621,"minecraft:fly_one_cm":2599476,"minecraft:open_chest":300,"minecraft:fish_caught":6,"minecraft:fall_one_cm":500773},"minecraft:used":{"minecraft:moss_block":1,"minecraft:moss_carpet":1,"minecraft:writable_book":3,"minecraft:decorated_pot":9,"minecraft:poppy":5,"minecraft:bone_block":10,"minecraft:chest":15,"minecraft:shield":115,"betternether:birch_taburet":1,"minecraft:stone":8,"minecraft:iron_sword":52,"minecraft:grass":1,"minecraft:iron_chestplate":5,"minecraft:mutton":4,"minecraft:jungle_planks":387,"minecraft:jungle_slab":19,"minecraft:axolotl_bucket":2,"minecraft:obsidian":1,"minecraft:glass":5,"minecraft:grass_block":1,"minecraft:packed_mud":1,"minecraft:iron_helmet":1,"minecraft:bow":25,"minecraft:scaffolding":3,"minecraft:written_book":1,"minecraft:sweet_berries":73,"minecraft:oak_sapling":8,"minecraft:furnace":13,"minecraft:egg":3,"minecraft:oak_planks":32,"minecraft:stone_pickaxe":133,"minecraft:jungle_fence":18,"minecraft:orange_tulip":1,"minecraft:ender_pearl":1,"minecraft:wooden_pickaxe":67,"minecraft:diamond_axe":42,"minecraft:clay":27,"minecraft:jungle_boat":1,"minecraft:oak_leaves":413,"minecraft:golden_apple":2,"minecraft:white_wool":6,"minecraft:glow_berries":6,"minecraft:blast_furnace":6,"minecraft:shears":1683,"minecraft:redstone_torch":7,"minecraft:light_gray_concrete":1,"minecraft:melon_slice":23,"minecraft:birch_slab":4,"minecraft:bread":152,"minecraft:cyan_bed":11,"minecraft:gravel":13,"minecraft:pufferfish":3,"minecraft:diamond_sword":530,"minecraft:wooden_sword":25,"minecraft:chain":1,"minecraft:birch_log":4,"minecraft:bone_meal":22,"minecraft:jungle_leaves":386,"minecraft:stone_sword":149,"minecraft:armor_stand":9,"minecraft:spruce_planks":9,"minecraft:netherrack":5,"minecraft:wooden_shovel":27,"minecraft:cooked_chicken":3,"minecraft:orange_bed":1,"minecraft:torch":176,"minecraft:brewing_stand":6,"minecraft:dirt":5,"minecraft:diamond_helmet":3,"minecraft:jungle_trapdoor":11,"minecraft:wooden_axe":159,"minecraft:bookshelf":2,"minecraft:iron_axe":572,"gravestones:gravestone":5,"minecraft:smooth_sandstone":1,"minecraft:jungle_log":21,"minecraft:iron_boots":2,"minecraft:light_gray_wool":3,"minecraft:tripwire_hook":1,"minecraft:beef":5,"minecraft:goat_horn":18,"minecraft:cooked_beef":34,"minecraft:observer":2,"minecraft:cobbled_deepslate":68,"minecraft:acacia_planks":3,"minecraft:iron_leggings":4,"betternether:oak_chair":3,"minecraft:wheat_seeds":5,"minecraft:cooked_mutton":6,"minecraft:acacia_boat":1,"minecraft:birch_planks":9,"minecraft:bundle":4,"minecraft:birch_boat":2,"minecraft:cut_sandstone":46,"minecraft:salmon":1,"minecraft:jungle_wood":15,"minecraft:vine":12,"minecraft:oak_slab":2,"minecraft:tnt":2,"minecraft:crafting_table":26,"minecraft:red_mushroom":2,"minecraft:white_bed":2,"minecraft:cod":2,"minecraft:painting":2,"minecraft:smoker":2,"minecraft:cake":1,"minecraft:dark_prismarine":1,"minecraft:diamond_pickaxe":33,"minecraft:apple":44,"minecraft:chicken":3,"minecraft:iron_pickaxe":306,"friendsandfoes:acacia_beehive":1,"minecraft:stone_axe":161,"minecraft:fishing_rod":190,"minecraft:cobblestone":37,"minecraft:potion":2,"minecraft:porkchop":4,"minecraft:cooked_porkchop":10,"minecraft:jungle_door":3,"mcwroofs:jungle_attic_roof":12,"minecraft:bucket":2,"minecraft:wither_rose":4,"minecraft:gray_wool":1,"minecraft:splash_potion":1},"minecraft:killed":{"minecraft:cave_spider":9,"minecraft:witch":1,"minecraft:spider":23,"minecraft:skeleton":42,"minecraft:bee":4,"minecraft:chicken":12,"minecraft:illusioner":1,"minecraft:turtle":1,"minecraft:pig":14,"minecraft:zombie_villager":1,"minecraft:iron_golem":1,"minecraft:creeper":9,"minecraft:sheep":15,"minecraft:trader_llama":1,"minecraft:pillager":6,"minecraft:zombie":53,"minecraft:donkey":1,"minecraft:cow":57,"minecraft:vindicator":3,"minecraft:horse":7,"friendsandfoes:mauler":2,"minecraft:drowned":1,"minecraft:husk":13,"minecraft:player":9,"minecraft:enderman":3},"minecraft:crafted":{"minecraft:oak_planks":344,"minecraft:cooked_chicken":3,"minecraft:birch_boat":1,"minecraft:birch_slab":6,"minecraft:cooked_mutton":7,"minecraft:glass":9,"minecraft:diamond_helmet":2,"minecraft:diamond_leggings":2,"minecraft:iron_boots":2,"minecraft:chest":16,"minecraft:stone_hoe":1,"mcwroofs:jungle_attic_roof":8,"minecraft:oak_slab":6,"minecraft:wooden_shovel":2,"minecraft:emerald":13,"minecraft:cooked_porkchop":22,"minecraft:diamond_axe":2,"minecraft:crafting_table":17,"minecraft:spruce_planks":8,"minecraft:jungle_boat":1,"minecraft:iron_helmet":2,"minecraft:wooden_pickaxe":4,"betternether:oak_chair":2,"minecraft:fletching_table":1,"minecraft:birch_planks":388,"minecraft:diamond_pickaxe":2,"minecraft:iron_chestplate":1,"inmis:plated_backpack":4,"minecraft:charcoal":2,"minecraft:shield":8,"minecraft:stick":536,"minecraft:iron_ingot":114,"minecraft:iron_pickaxe":2,"minecraft:stone_sword":2,"minecraft:gold_ingot":46,"inmis:frayed_backpack":5,"minecraft:shears":5,"minecraft:wooden_sword":1,"minecraft:raw_iron":9,"inmis:gilded_backpack":4,"minecraft:furnace":5,"minecraft:jungle_trapdoor":6,"inmis:bejeweled_backpack":3,"minecraft:bone_meal":126,"minecraft:iron_axe":2,"minecraft:stone_pickaxe":3,"minecraft:diamond_boots":2,"minecraft:jungle_fence":9,"minecraft:wheat":675,"minecraft:cooked_beef":45,"minecraft:diamond_sword":2,"minecraft:iron_sword":2,"minecraft:stone_axe":3,"minecraft:jungle_slab":24,"minecraft:bread":227,"minecraft:air":0,"minecraft:jungle_planks":448,"minecraft:jungle_door":3,"minecraft:wooden_axe":6,"minecraft:iron_leggings":1,"minecraft:acacia_planks":16,"minecraft:orange_bed":1,"minecraft:torch":160,"minecraft:clay":27,"minecraft:diamond_chestplate":2},"minecraft:broken":{"minecraft:shears":6,"minecraft:iron_boots":2,"minecraft:stone_axe":1,"minecraft:wooden_axe":3,"minecraft:fishing_rod":4,"minecraft:wooden_pickaxe":1,"minecraft:iron_axe":2,"minecraft:iron_helmet":1},"minecraft:killed_by":{"minecraft:creeper":3,"minecraft:cave_spider":4,"minecraft:player":16}},"DataVersion":3465}