{"stats":{"minecraft:picked_up":{"minecraft:wooden_axe":2,"minecraft:seagrass":1,"minecraft:iron_chestplate":8,"minecraft:wheat":4,"minecraft:chainmail_boots":1,"minecraft:lead":1,"minecraft:diamond_sword":1,"minecraft:potion":3,"minecraft:enchanted_book":1,"betternether:birch_chair":2,"minecraft:brewing_stand":6,"minecraft:string":46,"minecraft:raw_copper":5,"minecraft:smooth_stone_slab":1,"minecraft:iron_leggings":5,"minecraft:armor_stand":7,"minecraft:pufferfish":4,"minecraft:cobbled_deepslate":86,"minecraft:dark_oak_leaves":10,"minecraft:rose_bush":1,"minecraft:melon_slice":31,"minecraft:iron_boots":3,"minecraft:furnace":10,"minecraft:stick":119,"minecraft:jungle_door":1,"minecraft:torch":30,"minecraft:acacia_log":8,"minecraft:porkchop":28,"minecraft:lightning_rod":1,"minecraft:vine":38,"minecraft:rotten_flesh":58,"minecraft:obsidian":3,"minecraft:cod":2,"minecraft:cobblestone":119,"minecraft:birch_log":125,"minecraft:feather":9,"minecraft:cooked_beef":8,"minecraft:birch_slab":8,"minecraft:jungle_log":125,"betternether:birch_taburet":2,"minecraft:jungle_wood":51,"minecraft:smoker":4,"minecraft:potato":1,"minecraft:flint":3,"minecraft:lapis_lazuli":6,"minecraft:dirt":40,"minecraft:leather_boots":2,"minecraft:bone":34,"minecraft:acacia_planks":4,"minecraft:bow":1,"minecraft:wheat_seeds":28,"minecraft:orange_tulip":2,"minecraft:raw_gold":2,"minecraft:dark_oak_sign":3,"minecraft:diamond_helmet":1,"minecraft:bamboo":4,"minecraft:moss_block":5,"minecraft:stone_hoe":1,"minecraft:oak_planks":63,"minecraft:cooked_porkchop":7,"minecraft:sand":26,"minecraft:jungle_planks":104,"minecraft:dark_oak_log":5,"minecraft:melon":2,"minecraft:mossy_cobblestone":16,"minecraft:grass_block":1,"minecraft:cyan_bed":9,"minecraft:jungle_slab":14,"minecraft:barrel":1,"minecraft:orange_wool":2,"minecraft:jungle_leaves":702,"minecraft:light_gray_terracotta":1,"minecraft:diamond":98,"minecraft:grass":22,"minecraft:golden_apple":2,"minecraft:golden_horse_armor":1,"minecraft:emerald":5,"minecraft:bread":2,"minecraft:oak_sapling":56,"minecraft:oak_leaves":581,"minecraft:fishing_rod":5,"minecraft:cocoa_beans":12,"minecraft:crafting_table":17,"minecraft:chicken":11,"minecraft:ladder":3,"minecraft:clay_ball":158,"minecraft:brown_mushroom":1,"minecraft:wooden_pickaxe":2,"friendsandfoes:totem_of_illusion":1,"minecraft:gold_block":1,"minecraft:brick":3,"minecraft:jungle_trapdoor":5,"minecraft:moss_carpet":3,"minecraft:iron_axe":2,"minecraft:wooden_sword":1,"minecraft:item_frame":1,"minecraft:iron_shovel":1,"minecraft:blackstone":1,"minecraft:beef":115,"minecraft:poppy":5,"minecraft:observer":1,"minecraft:jungle_sapling":10,"minecraft:iron_nugget":36,"minecraft:light_gray_wool":4,"minecraft:sugar_cane":8,"minecraft:chest":4,"minecraft:birch_sapling":20,"minecraft:egg":3,"minecraft:dark_oak_sapling":1,"minecraft:raw_iron":195,"minecraft:stone":17,"minecraft:copper_ingot":5,"minecraft:dark_oak_planks":1,"inmis:gilded_backpack":1,"minecraft:tnt":2,"inmis:frayed_backpack":1,"minecraft:arrow":23,"minecraft:decorated_pot":7,"minecraft:shears":10,"minecraft:hay_block":76,"minecraft:gold_ingot":3,"gravestones:gravestone":10,"minecraft:glow_berries":12,"minecraft:mutton":20,"minecraft:bone_block":27,"minecraft:white_wool":12,"minecraft:birch_leaves":2,"minecraft:tripwire_hook":2,"minecraft:salmon":1,"minecraft:cut_sandstone":47,"minecraft:leather":51,"minecraft:fern":10,"minecraft:jungle_fence":11,"minecraft:birch_planks":56,"minecraft:oak_log":121,"mcwroofs:jungle_attic_roof":5,"minecraft:gunpowder":3,"minecraft:white_banner":1,"minecraft:apple":5,"minecraft:kelp":30,"minecraft:iron_ingot":11,"friendsandfoes:acacia_beehive":1,"minecraft:iron_sword":1,"minecraft:acacia_sapling":2,"betternether:oak_chair":1,"minecraft:book":30,"minecraft:oak_slab":1,"minecraft:birch_boat":1,"minecraft:sweet_berries":74,"minecraft:red_wool":2,"minecraft:dandelion":2,"minecraft:raw_iron_block":1,"minecraft:gravel":17,"minecraft:blast_furnace":9,"minecraft:white_bed":2,"minecraft:spider_eye":9,"minecraft:stone_axe":1,"minecraft:iron_helmet":2,"minecraft:gray_wool":1,"minecraft:coal":75,"minecraft:ender_pearl":1},"minecraft:dropped":{"minecraft:iron_sword":2,"minecraft:moss_block":1,"minecraft:brown_mushroom":1,"minecraft:birch_planks":19,"minecraft:diamond_axe":1,"inmis:frayed_backpack":1,"minecraft:cooked_beef":6,"minecraft:glass_bottle":1,"minecraft:diamond":14,"minecraft:crafting_table":6,"minecraft:dark_oak_sapling":1,"minecraft:cooked_porkchop":19,"minecraft:jungle_fence":2,"minecraft:orange_tulip":1,"minecraft:leather":8,"minecraft:jungle_planks":27,"minecraft:fletching_table":1,"minecraft:flint":1,"minecraft:birch_slab":10,"minecraft:emerald":1,"friendsandfoes:totem_of_illusion":1,"minecraft:item_frame":1,"minecraft:music_disc_11":1,"minecraft:dirt":28,"minecraft:grass":21,"minecraft:dark_oak_log":5,"minecraft:mutton":10,"minecraft:seagrass":1,"minecraft:cut_sandstone":3,"minecraft:jungle_sapling":10,"minecraft:wooden_sword":2,"minecraft:bone_meal":105,"minecraft:bone_block":3,"minecraft:iron_pickaxe":2,"minecraft:dark_oak_planks":1,"minecraft:fishing_rod":1,"minecraft:white_wool":6,"minecraft:armor_stand":1,"minecraft:gold_ingot":2,"minecraft:bone":11,"minecraft:gravel":4,"minecraft:stone_axe":2,"minecraft:cobbled_deepslate":18,"minecraft:birch_sapling":20,"minecraft:oak_planks":1,"minecraft:rotten_flesh":44,"minecraft:fern":10,"minecraft:cooked_mutton":1,"minecraft:gunpowder":3,"minecraft:chainmail_boots":1,"minecraft:jungle_log":19,"minecraft:leather_boots":1,"minecraft:ladder":3,"minecraft:acacia_sapling":2,"minecraft:arrow":23,"minecraft:beef":6,"minecraft:oak_leaves":168,"minecraft:stone_hoe":1,"minecraft:iron_ingot":6,"minecraft:bread":51,"minecraft:oak_slab":1,"minecraft:vine":26,"minecraft:birch_leaves":2,"minecraft:wheat_seeds":23,"minecraft:mossy_cobblestone":16,"minecraft:golden_horse_armor":2,"minecraft:diamond_leggings":1,"minecraft:prismarine_shard":3,"minecraft:iron_helmet":1,"minecraft:feather":4,"minecraft:cobblestone":10,"minecraft:jungle_wood":2,"minecraft:apple":11,"minecraft:copper_ingot":4,"minecraft:stick":107,"minecraft:pufferfish":1,"minecraft:jungle_slab":19,"minecraft:dark_oak_leaves":10,"minecraft:torch":1,"minecraft:wooden_axe":4,"minecraft:rose_bush":1,"minecraft:melon_slice":8,"minecraft:diamond_helmet":2,"minecraft:potion":2,"minecraft:iron_leggings":3,"minecraft:jungle_leaves":197,"minecraft:iron_axe":2,"minecraft:string":7,"minecraft:acacia_planks":5,"minecraft:dandelion":2,"minecraft:moss_carpet":2,"minecraft:kelp":15,"minecraft:sweet_berries":1,"minecraft:stone_sword":2,"minecraft:raw_copper":5,"minecraft:cocoa_beans":12,"minecraft:smooth_stone_slab":1,"minecraft:light_gray_terracotta":1,"inmis:gilded_backpack":2,"minecraft:raw_iron":23,"minecraft:chicken":1,"minecraft:light_gray_wool":1,"minecraft:clay_ball":42,"minecraft:iron_boots":1,"gravestones:gravestone":5,"minecraft:shears":7,"minecraft:lightning_rod":1,"minecraft:diamond_sword":1,"minecraft:potato":9,"minecraft:hay_block":1,"minecraft:shield":2,"minecraft:diamond_chestplate":1,"mcwroofs:jungle_attic_roof":1,"minecraft:diamond_pickaxe":1,"minecraft:iron_chestplate":3,"minecraft:oak_sapling":46,"minecraft:wooden_shovel":2,"minecraft:spider_eye":9,"minecraft:bamboo":4,"minecraft:diamond_boots":1,"minecraft:stone_pickaxe":2,"minecraft:wooden_pickaxe":5,"minecraft:raw_gold":1,"minecraft:brick":3},"minecraft:mined":{"minecraft:dark_oak_planks":2,"minecraft:oak_sapling":4,"minecraft:white_bed":3,"minecraft:jungle_slab":5,"minecraft:jungle_leaves":1025,"minecraft:brewing_stand":6,"minecraft:cave_vines_plant":19,"minecraft:acacia_log":5,"minecraft:grass_block":9,"minecraft:jungle_log":189,"minecraft:spawner":7,"minecraft:tall_seagrass":1,"minecraft:raw_iron_block":1,"minecraft:magma_block":1,"minecraft:fire":2,"minecraft:iron_ore":55,"minecraft:cobbled_deepslate":19,"minecraft:barrel":1,"minecraft:cave_vines":12,"minecraft:azalea":2,"minecraft:jungle_trapdoor":5,"minecraft:cut_sandstone":49,"minecraft:brown_mushroom":1,"minecraft:jungle_door":1,"minecraft:smoker":2,"minecraft:kelp_plant":4,"minecraft:clay":28,"minecraft:torch":5,"minecraft:light_gray_terracotta":1,"minecraft:poppy":8,"minecraft:melon":7,"minecraft:blast_furnace":7,"minecraft:calcite":1,"minecraft:chest":4,"minecraft:dead_bush":22,"minecraft:glass":6,"minecraft:cobblestone":29,"minecraft:cyan_bed":8,"minecraft:oak_planks":8,"minecraft:sugar_cane":5,"betternether:birch_chair":2,"minecraft:wall_torch":12,"minecraft:jungle_wood":45,"minecraft:wheat":5,"minecraft:birch_log":127,"minecraft:orange_tulip":1,"minecraft:light_gray_wool":2,"minecraft:tnt":4,"minecraft:smooth_stone_slab":1,"minecraft:grass":82,"minecraft:oak_log":120,"minecraft:sand":27,"minecraft:dirt":11,"minecraft:tripwire_hook":1,"minecraft:netherrack":6,"minecraft:oak_leaves":763,"minecraft:deepslate":52,"minecraft:mossy_cobblestone":3,"minecraft:dark_oak_leaves":11,"minecraft:deepslate_diamond_ore":12,"minecraft:dark_oak_log":6,"minecraft:decorated_pot":7,"minecraft:jungle_planks":107,"minecraft:birch_slab":4,"minecraft:moss_block":9,"minecraft:kelp":3,"minecraft:large_fern":5,"minecraft:hay_block":77,"betternether:oak_chair":1,"minecraft:furnace":10,"betternether:birch_taburet":1,"minecraft:gold_block":1,"minecraft:bookshelf":10,"minecraft:deepslate_iron_ore":35,"minecraft:vine":64,"mcwroofs:jungle_attic_roof":8,"minecraft:stone":104,"minecraft:bone_block":30,"minecraft:white_wool":3,"minecraft:cake":1,"minecraft:oak_slab":1,"gravestones:gravestone":4,"minecraft:red_wool":3,"minecraft:observer":1,"minecraft:dandelion":2,"minecraft:crafting_table":9,"minecraft:rose_bush":1,"minecraft:lightning_rod":1,"minecraft:copper_ore":2,"minecraft:tall_grass":8,"friendsandfoes:acacia_beehive":1,"minecraft:lapis_ore":1,"minecraft:beehive":1,"minecraft:sweet_berry_bush":18,"minecraft:birch_leaves":6,"minecraft:jungle_fence":11,"minecraft:white_wall_banner":1,"minecraft:coal_ore":37,"minecraft:cocoa":1,"minecraft:gravel":23,"minecraft:cobweb":3,"minecraft:acacia_planks":3,"minecraft:fern":21},"minecraft:custom":{"minecraft:interact_with_crafting_table":100,"minecraft:open_barrel":18,"minecraft:leave_game":6,"minecraft:time_since_death":4157,"minecraft:sprint_one_cm":1454174,"minecraft:damage_blocked_by_shield":2420,"minecraft:drop":614,"minecraft:talked_to_villager":12,"minecraft:play_time":545677,"minecraft:deaths":36,"minecraft:jump":12250,"minecraft:walk_on_water_one_cm":61533,"minecraft:interact_with_furnace":189,"minecraft:traded_with_villager":13,"minecraft:sleep_in_bed":24,"minecraft:damage_dealt":38607,"minecraft:player_kills":11,"minecraft:crouch_one_cm":107710,"minecraft:interact_with_smoker":16,"minecraft:mob_kills":219,"minecraft:climb_one_cm":119915,"minecraft:walk_one_cm":1153040,"minecraft:sneak_time":35513,"minecraft:walk_under_water_one_cm":78549,"minecraft:interact_with_lectern":1,"minecraft:boat_one_cm":161711,"minecraft:interact_with_blast_furnace":16,"minecraft:total_world_time":545677,"minecraft:time_since_rest":4182,"minecraft:damage_absorbed":79,"minecraft:damage_taken":19069,"minecraft:trigger_trapped_chest":1,"minecraft:swim_one_cm":167536,"minecraft:fly_one_cm":2152076,"minecraft:open_chest":261,"minecraft:fish_caught":6,"minecraft:fall_one_cm":423379},"minecraft:used":{"minecraft:moss_block":1,"minecraft:moss_carpet":1,"minecraft:decorated_pot":6,"minecraft:poppy":5,"minecraft:bone_block":10,"minecraft:chest":15,"minecraft:shield":114,"betternether:birch_taburet":1,"minecraft:stone":8,"minecraft:iron_sword":52,"minecraft:grass":1,"minecraft:iron_chestplate":5,"minecraft:mutton":4,"minecraft:jungle_planks":373,"minecraft:jungle_slab":19,"minecraft:glass":5,"minecraft:grass_block":1,"minecraft:iron_helmet":1,"minecraft:sweet_berries":73,"minecraft:oak_sapling":8,"minecraft:furnace":13,"minecraft:egg":3,"minecraft:oak_planks":32,"minecraft:stone_pickaxe":133,"minecraft:jungle_fence":18,"minecraft:orange_tulip":1,"minecraft:ender_pearl":1,"minecraft:wooden_pickaxe":67,"minecraft:diamond_axe":3,"minecraft:clay":27,"minecraft:oak_leaves":413,"minecraft:golden_apple":2,"minecraft:white_wool":6,"minecraft:glow_berries":6,"minecraft:blast_furnace":6,"minecraft:shears":1683,"minecraft:light_gray_concrete":1,"minecraft:melon_slice":23,"minecraft:birch_slab":4,"minecraft:bread":102,"minecraft:cyan_bed":8,"minecraft:gravel":13,"minecraft:pufferfish":3,"minecraft:diamond_sword":304,"minecraft:wooden_sword":25,"minecraft:birch_log":4,"minecraft:bone_meal":21,"minecraft:jungle_leaves":386,"minecraft:stone_sword":149,"minecraft:armor_stand":9,"minecraft:wooden_shovel":27,"minecraft:cooked_chicken":3,"minecraft:orange_bed":1,"minecraft:torch":176,"minecraft:brewing_stand":6,"minecraft:dirt":5,"minecraft:diamond_helmet":1,"minecraft:jungle_trapdoor":11,"minecraft:wooden_axe":159,"minecraft:iron_axe":572,"gravestones:gravestone":5,"minecraft:jungle_log":21,"minecraft:iron_boots":2,"minecraft:light_gray_wool":3,"minecraft:tripwire_hook":1,"minecraft:beef":5,"minecraft:goat_horn":18,"minecraft:cooked_beef":32,"minecraft:observer":2,"minecraft:cobbled_deepslate":68,"minecraft:acacia_planks":3,"minecraft:iron_leggings":4,"betternether:oak_chair":3,"minecraft:wheat_seeds":5,"minecraft:cooked_mutton":3,"minecraft:acacia_boat":1,"minecraft:birch_planks":4,"minecraft:birch_boat":2,"minecraft:cut_sandstone":44,"minecraft:salmon":1,"minecraft:jungle_wood":15,"minecraft:vine":12,"minecraft:oak_slab":2,"minecraft:tnt":2,"minecraft:crafting_table":23,"minecraft:white_bed":1,"minecraft:cod":2,"minecraft:smoker":2,"minecraft:cake":1,"minecraft:diamond_pickaxe":6,"minecraft:apple":44,"minecraft:chicken":3,"minecraft:iron_pickaxe":306,"friendsandfoes:acacia_beehive":1,"minecraft:stone_axe":161,"minecraft:fishing_rod":190,"minecraft:cobblestone":37,"minecraft:potion":1,"minecraft:porkchop":4,"minecraft:cooked_porkchop":10,"minecraft:jungle_door":3,"mcwroofs:jungle_attic_roof":12,"minecraft:gray_wool":1,"minecraft:splash_potion":1},"minecraft:killed":{"minecraft:cave_spider":9,"minecraft:witch":1,"minecraft:spider":14,"minecraft:skeleton":25,"minecraft:bee":4,"minecraft:chicken":12,"minecraft:illusioner":1,"minecraft:turtle":1,"minecraft:pig":13,"minecraft:zombie_villager":1,"minecraft:iron_golem":1,"minecraft:creeper":7,"minecraft:sheep":10,"minecraft:trader_llama":1,"minecraft:pillager":1,"minecraft:zombie":38,"minecraft:donkey":1,"minecraft:cow":49,"minecraft:vindicator":2,"minecraft:horse":4,"friendsandfoes:mauler":2,"minecraft:drowned":1,"minecraft:husk":12,"minecraft:player":9,"minecraft:enderman":3},"minecraft:crafted":{"minecraft:oak_planks":344,"minecraft:cooked_chicken":3,"minecraft:birch_boat":1,"minecraft:birch_slab":6,"minecraft:cooked_mutton":6,"minecraft:glass":9,"minecraft:diamond_helmet":2,"minecraft:diamond_leggings":2,"minecraft:iron_boots":2,"minecraft:chest":14,"minecraft:stone_hoe":1,"mcwroofs:jungle_attic_roof":8,"minecraft:oak_slab":6,"minecraft:wooden_shovel":2,"minecraft:emerald":13,"minecraft:cooked_porkchop":22,"minecraft:diamond_axe":2,"minecraft:crafting_table":14,"minecraft:iron_helmet":2,"minecraft:wooden_pickaxe":4,"betternether:oak_chair":2,"minecraft:fletching_table":1,"minecraft:birch_planks":372,"minecraft:diamond_pickaxe":2,"minecraft:iron_chestplate":1,"inmis:plated_backpack":3,"minecraft:charcoal":2,"minecraft:shield":6,"minecraft:stick":536,"minecraft:iron_ingot":114,"minecraft:iron_pickaxe":2,"minecraft:stone_sword":2,"minecraft:gold_ingot":37,"inmis:frayed_backpack":3,"minecraft:shears":5,"minecraft:wooden_sword":1,"minecraft:raw_iron":9,"inmis:gilded_backpack":3,"minecraft:furnace":5,"minecraft:jungle_trapdoor":6,"inmis:bejeweled_backpack":2,"minecraft:bone_meal":126,"minecraft:iron_axe":2,"minecraft:stone_pickaxe":3,"minecraft:diamond_boots":2,"minecraft:jungle_fence":9,"minecraft:wheat":432,"minecraft:cooked_beef":45,"minecraft:diamond_sword":2,"minecraft:iron_sword":2,"minecraft:stone_axe":3,"minecraft:jungle_slab":24,"minecraft:bread":146,"minecraft:air":0,"minecraft:jungle_planks":416,"minecraft:jungle_door":3,"minecraft:wooden_axe":6,"minecraft:iron_leggings":1,"minecraft:acacia_planks":16,"minecraft:orange_bed":1,"minecraft:torch":160,"minecraft:clay":27,"minecraft:diamond_chestplate":2},"minecraft:broken":{"minecraft:shears":6,"minecraft:iron_boots":2,"minecraft:stone_axe":1,"minecraft:wooden_axe":3,"minecraft:fishing_rod":4,"minecraft:wooden_pickaxe":1,"minecraft:iron_axe":2,"minecraft:iron_helmet":1},"minecraft:killed_by":{"minecraft:creeper":3,"minecraft:cave_spider":4,"minecraft:player":13}},"DataVersion":3465}