{
  "minecraft:recipes/decorations/crafting_table": {
    "criteria": {
      "unlock_right_away": "2024-08-25 21:09:26 +0000"
    },
    "done": true
  },
  "minecraft:adventure/adventuring_time": {
    "criteria": {
      "minecraft:sunflower_plains": "2024-08-29 00:50:53 +0000",
      "minecraft:beach": "2024-08-25 21:09:27 +0000",
      "minecraft:dark_forest": "2024-08-29 01:53:16 +0000",
      "minecraft:mangrove_swamp": "2024-08-28 23:51:32 +0000",
      "minecraft:sparse_jungle": "2024-08-29 01:55:48 +0000",
      "minecraft:river": "2024-08-25 21:52:23 +0000",
      "minecraft:lukewarm_ocean": "2024-08-28 23:54:08 +0000",
      "minecraft:forest": "2024-08-25 21:09:45 +0000",
      "minecraft:desert": "2024-08-28 23:56:06 +0000",
      "minecraft:ocean": "2024-08-25 23:31:57 +0000",
      "minecraft:jungle": "2024-08-29 01:58:21 +0000",
      "minecraft:warm_ocean": "2024-08-28 23:55:29 +0000",
      "minecraft:deep_lukewarm_ocean": "2024-08-29 00:37:49 +0000",
      "minecraft:old_growth_birch_forest": "2024-08-29 02:21:04 +0000",
      "minecraft:savanna": "2024-08-25 21:38:57 +0000",
      "minecraft:plains": "2024-08-29 01:42:06 +0000"
    },
    "done": false
  },
  "minecraft:adventure/root": {
    "criteria": {
      "killed_by_something": "2024-08-25 21:41:52 +0000"
    },
    "done": true
  },
  "minecraft:recipes/transportation/mangrove_boat": {
    "criteria": {
      "in_water": "2024-08-25 21:52:23 +0000"
    },
    "done": true
  },
  "minecraft:recipes/transportation/acacia_boat": {
    "criteria": {
      "in_water": "2024-08-25 21:52:23 +0000"
    },
    "done": true
  },
  "minecraft:recipes/transportation/cherry_boat": {
    "criteria": {
      "in_water": "2024-08-25 21:52:23 +0000"
    },
    "done": true
  },
  "minecraft:recipes/transportation/bamboo_raft": {
    "criteria": {
      "in_water": "2024-08-25 21:52:23 +0000"
    },
    "done": true
  },
  "minecraft:recipes/transportation/spruce_boat": {
    "criteria": {
      "in_water": "2024-08-25 21:52:23 +0000"
    },
    "done": true
  },
  "minecraft:recipes/transportation/birch_boat": {
    "criteria": {
      "in_water": "2024-08-25 21:52:23 +0000"
    },
    "done": true
  },
  "minecraft:recipes/transportation/oak_boat": {
    "criteria": {
      "in_water": "2024-08-25 21:52:23 +0000"
    },
    "done": true
  },
  "minecraft:recipes/transportation/jungle_boat": {
    "criteria": {
      "in_water": "2024-08-25 21:52:23 +0000"
    },
    "done": true
  },
  "minecraft:recipes/transportation/dark_oak_boat": {
    "criteria": {
      "in_water": "2024-08-25 21:52:23 +0000"
    },
    "done": true
  },
  "repurposed_structures:root": {
    "criteria": {
      "always": "2024-08-25 23:26:27 +0000"
    },
    "done": true
  },
  "dungeons_arise:wda_root": {
    "criteria": {
      "WDA": "2024-08-25 23:26:27 +0000"
    },
    "done": true
  },
  "betterdungeons:root": {
    "criteria": {
      "always": "2024-08-25 23:26:27 +0000"
    },
    "done": true
  },
  "betternether:root": {
    "criteria": {
      "welcome": "2024-08-25 23:28:33 +0000"
    },
    "done": true
  },
  "mcwbridges:recipes/oak_bridge_pier": {
    "criteria": {
      "has_planks": "2024-08-25 23:29:10 +0000"
    },
    "done": true
  },
  "mcwroofs:recipes/oak": {
    "criteria": {
      "has_planks": "2024-08-25 23:29:10 +0000"
    },
    "done": true
  },
  "minecraft:recipes/misc/charcoal": {
    "criteria": {
      "has_log": "2024-08-25 23:29:10 +0000"
    },
    "done": true
  },
  "minecraft:recipes/building_blocks/oak_planks": {
    "criteria": {
      "has_logs": "2024-08-25 23:29:10 +0000"
    },
    "done": true
  },
  "minecraft:recipes/building_blocks/oak_wood": {
    "criteria": {
      "has_log": "2024-08-25 23:29:10 +0000"
    },
    "done": true
  },
  "minecraft:recipes/decorations/oak_sign": {
    "criteria": {
      "has_planks": "2024-08-25 23:29:25 +0000"
    },
    "done": true
  },
  "minecraft:recipes/redstone/oak_trapdoor": {
    "criteria": {
      "has_planks": "2024-08-25 23:29:25 +0000"
    },
    "done": true
  },
  "betternether:recipes/redstone/piston": {
    "criteria": {
      "has_tag_minecraft_planks": "2024-08-25 23:29:25 +0000"
    },
    "done": true
  },
  "bclib:recipes/decorations/tag_smith_table": {
    "criteria": {
      "has_tag_minecraft_planks": "2024-08-25 23:29:25 +0000"
    },
    "done": true
  },
  "minecraft:recipes/misc/stick": {
    "criteria": {
      "has_planks": "2024-08-25 23:29:25 +0000"
    },
    "done": true
  },
  "minecraft:recipes/building_blocks/oak_stairs": {
    "criteria": {
      "has_planks": "2024-08-25 23:29:25 +0000"
    },
    "done": true
  },
  "minecraft:recipes/decorations/oak_fence": {
    "criteria": {
      "has_planks": "2024-08-25 23:29:25 +0000"
    },
    "done": true
  },
  "mcwbridges:recipes/asian_red_bridge": {
    "criteria": {
      "has_planks": "2024-08-25 23:29:25 +0000"
    },
    "done": true
  },
  "bclib:recipes/combat/tag_shield": {
    "criteria": {
      "has_tag_minecraft_planks": "2024-08-25 23:29:25 +0000"
    },
    "done": true
  },
  "mcwbridges:recipes/oak_log_bridge_middle": {
    "criteria": {
      "has_planks": "2024-08-25 23:29:25 +0000"
    },
    "done": true
  },
  "mcwbridges:recipes/rope_oak_bridge": {
    "criteria": {
      "has_planks": "2024-08-25 23:29:25 +0000"
    },
    "done": true
  },
  "minecraft:recipes/redstone/oak_button": {
    "criteria": {
      "has_planks": "2024-08-25 23:29:25 +0000"
    },
    "done": true
  },
  "mcwbridges:recipes/oak_rail_bridge": {
    "criteria": {
      "has_planks": "2024-08-25 23:29:25 +0000"
    },
    "done": true
  },
  "betternether:recipes/combat/shield": {
    "criteria": {
      "has_tag_minecraft_planks": "2024-08-25 23:29:25 +0000"
    },
    "done": true
  },
  "minecraft:recipes/building_blocks/oak_slab": {
    "criteria": {
      "has_planks": "2024-08-25 23:29:25 +0000"
    },
    "done": true
  },
  "mcwroofs:recipes/oak_planks": {
    "criteria": {
      "has_planks": "2024-08-25 23:29:25 +0000"
    },
    "done": true
  },
  "minecraft:recipes/redstone/oak_fence_gate": {
    "criteria": {
      "has_planks": "2024-08-25 23:29:25 +0000"
    },
    "done": true
  },
  "minecraft:recipes/redstone/oak_pressure_plate": {
    "criteria": {
      "has_planks": "2024-08-25 23:29:25 +0000"
    },
    "done": true
  },
  "minecraft:recipes/redstone/oak_door": {
    "criteria": {
      "has_planks": "2024-08-25 23:29:25 +0000"
    },
    "done": true
  },
  "minecraft:recipes/decorations/barrel": {
    "criteria": {
      "has_planks": "2024-08-25 23:29:25 +0000"
    },
    "done": true
  },
  "mcwbridges:recipes/asian_red_bridge_pier": {
    "criteria": {
      "has_planks": "2024-08-25 23:29:25 +0000"
    },
    "done": true
  },
  "bclib:recipes/redstone/tag_piston": {
    "criteria": {
      "has_tag_minecraft_planks": "2024-08-25 23:29:25 +0000"
    },
    "done": true
  },
  "minecraft:recipes/decorations/ladder": {
    "criteria": {
      "has_stick": "2024-08-25 23:30:01 +0000"
    },
    "done": true
  },
  "betternether:recipes/decorations/wart_ladder": {
    "criteria": {
      "has_stick": "2024-08-25 23:30:01 +0000"
    },
    "done": true
  },
  "betternether:recipes/decorations/dark_oak_bar_stool": {
    "criteria": {
      "has_stick": "2024-08-25 23:30:01 +0000"
    },
    "done": true
  },
  "betternether:recipes/decorations/mushroom_fir_chair": {
    "criteria": {
      "has_stick": "2024-08-25 23:30:01 +0000"
    },
    "done": true
  },
  "betternether:recipes/decorations/nether_reed_fence": {
    "criteria": {
      "has_stick": "2024-08-25 23:30:01 +0000"
    },
    "done": true
  },
  "betternether:recipes/decorations/mushroom_fir_bar_stool": {
    "criteria": {
      "has_stick": "2024-08-25 23:30:01 +0000"
    },
    "done": true
  },
  "betternether:recipes/decorations/willow_taburet": {
    "criteria": {
      "has_stick": "2024-08-25 23:30:01 +0000"
    },
    "done": true
  },
  "betternether:recipes/decorations/birch_bar_stool": {
    "criteria": {
      "has_stick": "2024-08-25 23:30:01 +0000"
    },
    "done": true
  },
  "betternether:recipes/decorations/warped_chair": {
    "criteria": {
      "has_stick": "2024-08-25 23:30:01 +0000"
    },
    "done": true
  },
  "betternether:recipes/decorations/mangrove_chair": {
    "criteria": {
      "has_stick": "2024-08-25 23:30:01 +0000"
    },
    "done": true
  },
  "betternether:recipes/redstone/rubeus_gate": {
    "criteria": {
      "has_stick": "2024-08-25 23:30:01 +0000"
    },
    "done": true
  },
  "betternether:recipes/decorations/warped_taburet": {
    "criteria": {
      "has_stick": "2024-08-25 23:30:01 +0000"
    },
    "done": true
  },
  "betternether:recipes/decorations/stalagnate_ladder": {
    "criteria": {
      "has_stick": "2024-08-25 23:30:01 +0000"
    },
    "done": true
  },
  "betternether:recipes/decorations/wart_fence": {
    "criteria": {
      "has_stick": "2024-08-25 23:30:01 +0000"
    },
    "done": true
  },
  "betternether:recipes/decorations/chair_cincinnasite": {
    "criteria": {
      "has_stick": "2024-08-25 23:30:01 +0000"
    },
    "done": true
  },
  "betternether:recipes/decorations/rubeus_taburet": {
    "criteria": {
      "has_stick": "2024-08-25 23:30:01 +0000"
    },
    "done": true
  },
  "betternether:recipes/decorations/crimson_chair": {
    "criteria": {
      "has_stick": "2024-08-25 23:30:01 +0000"
    },
    "done": true
  },
  "betternether:recipes/decorations/nether_sakura_chair": {
    "criteria": {
      "has_stick": "2024-08-25 23:30:01 +0000"
    },
    "done": true
  },
  "betternether:recipes/redstone/nether_mushroom_gate": {
    "criteria": {
      "has_stick": "2024-08-25 23:30:01 +0000"
    },
    "done": true
  },
  "minecraft:recipes/tools/wooden_axe": {
    "criteria": {
      "has_stick": "2024-08-25 23:30:01 +0000"
    },
    "done": true
  },
  "betternether:recipes/decorations/crimson_bar_stool": {
    "criteria": {
      "has_stick": "2024-08-25 23:30:01 +0000"
    },
    "done": true
  },
  "betternether:recipes/decorations/dark_oak_chair": {
    "criteria": {
      "has_stick": "2024-08-25 23:30:01 +0000"
    },
    "done": true
  },
  "betternether:recipes/decorations/jungle_bar_stool": {
    "criteria": {
      "has_stick": "2024-08-25 23:30:01 +0000"
    },
    "done": true
  },
  "betternether:recipes/decorations/wart_bar_stool": {
    "criteria": {
      "has_stick": "2024-08-25 23:30:01 +0000"
    },
    "done": true
  },
  "betternether:recipes/decorations/bamboo_chair": {
    "criteria": {
      "has_stick": "2024-08-25 23:30:01 +0000"
    },
    "done": true
  },
  "betternether:recipes/decorations/anchor_tree_chair": {
    "criteria": {
      "has_stick": "2024-08-25 23:30:01 +0000"
    },
    "done": true
  },
  "betternether:recipes/decorations/oak_taburet": {
    "criteria": {
      "has_stick": "2024-08-25 23:30:01 +0000"
    },
    "done": true
  },
  "betternether:recipes/decorations/cherry_taburet": {
    "criteria": {
      "has_stick": "2024-08-25 23:30:01 +0000"
    },
    "done": true
  },
  "betternether:recipes/decorations/nether_mushroom_bar_stool": {
    "criteria": {
      "has_stick": "2024-08-25 23:30:01 +0000"
    },
    "done": true
  },
  "betternether:recipes/decorations/warped_bar_stool": {
    "criteria": {
      "has_stick": "2024-08-25 23:30:01 +0000"
    },
    "done": true
  },
  "betternether:recipes/decorations/willow_fence": {
    "criteria": {
      "has_stick": "2024-08-25 23:30:01 +0000"
    },
    "done": true
  },
  "betternether:recipes/decorations/anchor_tree_taburet": {
    "criteria": {
      "has_stick": "2024-08-25 23:30:01 +0000"
    },
    "done": true
  },
  "betternether:recipes/decorations/bamboo_taburet": {
    "criteria": {
      "has_stick": "2024-08-25 23:30:01 +0000"
    },
    "done": true
  },
  "betternether:recipes/decorations/warped_ladder": {
    "criteria": {
      "has_stick": "2024-08-25 23:30:01 +0000"
    },
    "done": true
  },
  "betternether:recipes/decorations/birch_chair": {
    "criteria": {
      "has_stick": "2024-08-25 23:30:01 +0000"
    },
    "done": true
  },
  "betternether:recipes/decorations/stalagnate_taburet": {
    "criteria": {
      "has_stick": "2024-08-25 23:30:01 +0000"
    },
    "done": true
  },
  "betternether:recipes/decorations/anchor_tree_bar_stool": {
    "criteria": {
      "has_stick": "2024-08-25 23:30:01 +0000"
    },
    "done": true
  },
  "betternether:recipes/decorations/acacia_chair": {
    "criteria": {
      "has_stick": "2024-08-25 23:30:01 +0000"
    },
    "done": true
  },
  "betternether:recipes/decorations/crimson_taburet": {
    "criteria": {
      "has_stick": "2024-08-25 23:30:01 +0000"
    },
    "done": true
  },
  "betternether:recipes/decorations/anchor_tree_sign": {
    "criteria": {
      "has_stick": "2024-08-25 23:30:01 +0000"
    },
    "done": true
  },
  "betternether:recipes/decorations/spruce_taburet": {
    "criteria": {
      "has_stick": "2024-08-25 23:30:01 +0000"
    },
    "done": true
  },
  "betternether:recipes/transportation/rail": {
    "criteria": {
      "has_stick": "2024-08-25 23:30:01 +0000"
    },
    "done": true
  },
  "bclib:recipes/transportation/tag_rail": {
    "criteria": {
      "has_stick": "2024-08-25 23:30:01 +0000"
    },
    "done": true
  },
  "betternether:recipes/decorations/wart_taburet": {
    "criteria": {
      "has_stick": "2024-08-25 23:30:01 +0000"
    },
    "done": true
  },
  "betternether:recipes/decorations/bar_stool_cincinnasite": {
    "criteria": {
      "has_stick": "2024-08-25 23:30:01 +0000"
    },
    "done": true
  },
  "betternether:recipes/decorations/rubeus_ladder": {
    "criteria": {
      "has_stick": "2024-08-25 23:30:01 +0000"
    },
    "done": true
  },
  "betternether:recipes/decorations/willow_sign": {
    "criteria": {
      "has_stick": "2024-08-25 23:30:01 +0000"
    },
    "done": true
  },
  "betternether:recipes/decorations/wart_sign": {
    "criteria": {
      "has_stick": "2024-08-25 23:30:01 +0000"
    },
    "done": true
  },
  "betternether:recipes/decorations/rubeus_chair": {
    "criteria": {
      "has_stick": "2024-08-25 23:30:01 +0000"
    },
    "done": true
  },
  "betternether:recipes/decorations/stalagnate_chair": {
    "criteria": {
      "has_stick": "2024-08-25 23:30:01 +0000"
    },
    "done": true
  },
  "betternether:recipes/redstone/mushroom_fir_gate": {
    "criteria": {
      "has_stick": "2024-08-25 23:30:01 +0000"
    },
    "done": true
  },
  "betternether:recipes/decorations/mangrove_bar_stool": {
    "criteria": {
      "has_stick": "2024-08-25 23:30:01 +0000"
    },
    "done": true
  },
  "betternether:recipes/decorations/oak_bar_stool": {
    "criteria": {
      "has_stick": "2024-08-25 23:30:01 +0000"
    },
    "done": true
  },
  "betternether:recipes/decorations/rubeus_sign": {
    "criteria": {
      "has_stick": "2024-08-25 23:30:01 +0000"
    },
    "done": true
  },
  "betternether:recipes/decorations/birch_taburet": {
    "criteria": {
      "has_stick": "2024-08-25 23:30:01 +0000"
    },
    "done": true
  },
  "betternether:recipes/redstone/stalagnate_gate": {
    "criteria": {
      "has_stick": "2024-08-25 23:30:01 +0000"
    },
    "done": true
  },
  "betternether:recipes/decorations/nether_reed_sign": {
    "criteria": {
      "has_stick": "2024-08-25 23:30:01 +0000"
    },
    "done": true
  },
  "betternether:recipes/decorations/acacia_bar_stool": {
    "criteria": {
      "has_stick": "2024-08-25 23:30:01 +0000"
    },
    "done": true
  },
  "betternether:recipes/decorations/willow_bar_stool": {
    "criteria": {
      "has_stick": "2024-08-25 23:30:01 +0000"
    },
    "done": true
  },
  "betternether:recipes/decorations/rubeus_fence": {
    "criteria": {
      "has_stick": "2024-08-25 23:30:01 +0000"
    },
    "done": true
  },
  "betternether:recipes/decorations/nether_reed_ladder": {
    "criteria": {
      "has_stick": "2024-08-25 23:30:01 +0000"
    },
    "done": true
  },
  "betternether:recipes/decorations/nether_reed_chair": {
    "criteria": {
      "has_stick": "2024-08-25 23:30:01 +0000"
    },
    "done": true
  },
  "betternether:recipes/decorations/nether_reed_bar_stool": {
    "criteria": {
      "has_stick": "2024-08-25 23:30:01 +0000"
    },
    "done": true
  },
  "betternether:recipes/redstone/wart_gate": {
    "criteria": {
      "has_stick": "2024-08-25 23:30:01 +0000"
    },
    "done": true
  },
  "betternether:recipes/decorations/acacia_taburet": {
    "criteria": {
      "has_stick": "2024-08-25 23:30:01 +0000"
    },
    "done": true
  },
  "minecraft:recipes/decorations/campfire": {
    "criteria": {
      "has_stick": "2024-08-25 23:30:01 +0000"
    },
    "done": true
  },
  "betternether:recipes/decorations/nether_sakura_taburet": {
    "criteria": {
      "has_stick": "2024-08-25 23:30:01 +0000"
    },
    "done": true
  },
  "minecraft:recipes/tools/wooden_hoe": {
    "criteria": {
      "has_stick": "2024-08-25 23:30:01 +0000"
    },
    "done": true
  },
  "betternether:recipes/decorations/mushroom_fir_fence": {
    "criteria": {
      "has_stick": "2024-08-25 23:30:01 +0000"
    },
    "done": true
  },
  "minecraft:recipes/tools/wooden_pickaxe": {
    "criteria": {
      "has_stick": "2024-08-25 23:30:01 +0000"
    },
    "done": true
  },
  "betternether:recipes/decorations/oak_chair": {
    "criteria": {
      "has_stick": "2024-08-25 23:30:01 +0000"
    },
    "done": true
  },
  "betternether:recipes/decorations/jungle_taburet": {
    "criteria": {
      "has_stick": "2024-08-25 23:30:01 +0000"
    },
    "done": true
  },
  "betternether:recipes/decorations/willow_ladder": {
    "criteria": {
      "has_stick": "2024-08-25 23:30:01 +0000"
    },
    "done": true
  },
  "betternether:recipes/decorations/jungle_chair": {
    "criteria": {
      "has_stick": "2024-08-25 23:30:01 +0000"
    },
    "done": true
  },
  "betternether:recipes/decorations/stalagnate_sign": {
    "criteria": {
      "has_stick": "2024-08-25 23:30:01 +0000"
    },
    "done": true
  },
  "betternether:recipes/decorations/nether_sakura_fence": {
    "criteria": {
      "has_stick": "2024-08-25 23:30:01 +0000"
    },
    "done": true
  },
  "betternether:recipes/decorations/anchor_tree_fence": {
    "criteria": {
      "has_stick": "2024-08-25 23:30:01 +0000"
    },
    "done": true
  },
  "betternether:recipes/decorations/nether_mushroom_fence": {
    "criteria": {
      "has_stick": "2024-08-25 23:30:01 +0000"
    },
    "done": true
  },
  "betternether:recipes/decorations/nether_sakura_sign": {
    "criteria": {
      "has_stick": "2024-08-25 23:30:01 +0000"
    },
    "done": true
  },
  "betternether:recipes/redstone/anchor_tree_gate": {
    "criteria": {
      "has_stick": "2024-08-25 23:30:01 +0000"
    },
    "done": true
  },
  "betternether:recipes/decorations/rubeus_bar_stool": {
    "criteria": {
      "has_stick": "2024-08-25 23:30:01 +0000"
    },
    "done": true
  },
  "betternether:recipes/decorations/wart_chair": {
    "criteria": {
      "has_stick": "2024-08-25 23:30:01 +0000"
    },
    "done": true
  },
  "betternether:recipes/decorations/mushroom_fir_ladder": {
    "criteria": {
      "has_stick": "2024-08-25 23:30:01 +0000"
    },
    "done": true
  },
  "betternether:recipes/decorations/nether_sakura_ladder": {
    "criteria": {
      "has_stick": "2024-08-25 23:30:01 +0000"
    },
    "done": true
  },
  "betternether:recipes/decorations/nether_mushroom_ladder": {
    "criteria": {
      "has_stick": "2024-08-25 23:30:01 +0000"
    },
    "done": true
  },
  "minecraft:recipes/tools/wooden_shovel": {
    "criteria": {
      "has_stick": "2024-08-25 23:30:01 +0000"
    },
    "done": true
  },
  "betternether:recipes/decorations/nether_reed_taburet": {
    "criteria": {
      "has_stick": "2024-08-25 23:30:01 +0000"
    },
    "done": true
  },
  "betternether:recipes/decorations/nether_sakura_bar_stool": {
    "criteria": {
      "has_stick": "2024-08-25 23:30:01 +0000"
    },
    "done": true
  },
  "betternether:recipes/decorations/stalagnate_fence": {
    "criteria": {
      "has_stick": "2024-08-25 23:30:01 +0000"
    },
    "done": true
  },
  "betternether:recipes/decorations/bamboo_bar_stool": {
    "criteria": {
      "has_stick": "2024-08-25 23:30:01 +0000"
    },
    "done": true
  },
  "betternether:recipes/decorations/nether_mushroom_chair": {
    "criteria": {
      "has_stick": "2024-08-25 23:30:01 +0000"
    },
    "done": true
  },
  "betternether:recipes/decorations/dark_oak_taburet": {
    "criteria": {
      "has_stick": "2024-08-25 23:30:01 +0000"
    },
    "done": true
  },
  "betternether:recipes/decorations/nether_mushroom_sign": {
    "criteria": {
      "has_stick": "2024-08-25 23:30:01 +0000"
    },
    "done": true
  },
  "betternether:recipes/decorations/spruce_chair": {
    "criteria": {
      "has_stick": "2024-08-25 23:30:01 +0000"
    },
    "done": true
  },
  "betternether:recipes/decorations/mushroom_fir_taburet": {
    "criteria": {
      "has_stick": "2024-08-25 23:30:01 +0000"
    },
    "done": true
  },
  "minecraft:recipes/combat/wooden_sword": {
    "criteria": {
      "has_stick": "2024-08-25 23:30:01 +0000"
    },
    "done": true
  },
  "betternether:recipes/redstone/nether_sakura_gate": {
    "criteria": {
      "has_stick": "2024-08-25 23:30:01 +0000"
    },
    "done": true
  },
  "betternether:recipes/decorations/mangrove_taburet": {
    "criteria": {
      "has_stick": "2024-08-25 23:30:01 +0000"
    },
    "done": true
  },
  "betternether:recipes/redstone/nether_reed_gate": {
    "criteria": {
      "has_stick": "2024-08-25 23:30:01 +0000"
    },
    "done": true
  },
  "betternether:recipes/decorations/anchor_tree_ladder": {
    "criteria": {
      "has_stick": "2024-08-25 23:30:01 +0000"
    },
    "done": true
  },
  "betternether:recipes/decorations/mushroom_fir_sign": {
    "criteria": {
      "has_stick": "2024-08-25 23:30:01 +0000"
    },
    "done": true
  },
  "betternether:recipes/transportation/activator_rail": {
    "criteria": {
      "has_stick": "2024-08-25 23:30:01 +0000"
    },
    "done": true
  },
  "betternether:recipes/decorations/cherry_chair": {
    "criteria": {
      "has_stick": "2024-08-25 23:30:01 +0000"
    },
    "done": true
  },
  "betternether:recipes/decorations/nether_mushroom_taburet": {
    "criteria": {
      "has_stick": "2024-08-25 23:30:01 +0000"
    },
    "done": true
  },
  "betternether:recipes/redstone/willow_gate": {
    "criteria": {
      "has_stick": "2024-08-25 23:30:01 +0000"
    },
    "done": true
  },
  "betternether:recipes/decorations/cherry_bar_stool": {
    "criteria": {
      "has_stick": "2024-08-25 23:30:01 +0000"
    },
    "done": true
  },
  "betternether:recipes/decorations/willow_chair": {
    "criteria": {
      "has_stick": "2024-08-25 23:30:01 +0000"
    },
    "done": true
  },
  "betternether:recipes/decorations/spruce_bar_stool": {
    "criteria": {
      "has_stick": "2024-08-25 23:30:01 +0000"
    },
    "done": true
  },
  "betternether:recipes/decorations/taburet_cincinnasite": {
    "criteria": {
      "has_stick": "2024-08-25 23:30:01 +0000"
    },
    "done": true
  },
  "betternether:recipes/decorations/stalagnate_bar_stool": {
    "criteria": {
      "has_stick": "2024-08-25 23:30:01 +0000"
    },
    "done": true
  },
  "betternether:recipes/decorations/crimson_ladder": {
    "criteria": {
      "has_stick": "2024-08-25 23:30:01 +0000"
    },
    "done": true
  },
  "minecraft:recipes/combat/leather_helmet": {
    "criteria": {
      "has_leather": "2024-08-25 23:32:26 +0000"
    },
    "done": true
  },
  "minecraft:recipes/combat/leather_leggings": {
    "criteria": {
      "has_leather": "2024-08-25 23:32:26 +0000"
    },
    "done": true
  },
  "inmis:recipes/frayed_backpack": {
    "criteria": {
      "has_leather": "2024-08-25 23:32:26 +0000"
    },
    "done": true
  },
  "minecraft:recipes/combat/leather_chestplate": {
    "criteria": {
      "has_leather": "2024-08-25 23:32:26 +0000"
    },
    "done": true
  },
  "minecraft:recipes/misc/leather_horse_armor": {
    "criteria": {
      "has_leather": "2024-08-25 23:32:26 +0000"
    },
    "done": true
  },
  "minecraft:recipes/decorations/item_frame": {
    "criteria": {
      "has_leather": "2024-08-25 23:32:26 +0000"
    },
    "done": true
  },
  "minecraft:recipes/combat/leather_boots": {
    "criteria": {
      "has_leather": "2024-08-25 23:32:26 +0000"
    },
    "done": true
  },
  "inmis:recipes/baby_backpack": {
    "criteria": {
      "has_leather": "2024-08-25 23:32:26 +0000"
    },
    "done": true
  },
  "minecraft:recipes/food/cooked_beef_from_smoking": {
    "criteria": {
      "has_beef": "2024-08-28 23:43:30 +0000"
    },
    "done": true
  },
  "minecraft:story/root": {
    "criteria": {
      "crafting_table": "2024-08-28 23:43:30 +0000"
    },
    "done": true
  },
  "minecraft:recipes/food/cooked_beef": {
    "criteria": {
      "has_beef": "2024-08-28 23:43:30 +0000"
    },
    "done": true
  },
  "minecraft:recipes/food/cooked_beef_from_campfire_cooking": {
    "criteria": {
      "has_beef": "2024-08-28 23:43:30 +0000"
    },
    "done": true
  },
  "minecraft:recipes/building_blocks/light_gray_concrete_powder": {
    "criteria": {
      "has_sand": "2024-08-28 23:43:37 +0000"
    },
    "done": true
  },
  "minecraft:recipes/building_blocks/pink_concrete_powder": {
    "criteria": {
      "has_sand": "2024-08-28 23:43:37 +0000"
    },
    "done": true
  },
  "minecraft:recipes/building_blocks/red_concrete_powder": {
    "criteria": {
      "has_sand": "2024-08-28 23:43:37 +0000"
    },
    "done": true
  },
  "minecraft:recipes/building_blocks/brown_concrete_powder": {
    "criteria": {
      "has_sand": "2024-08-28 23:43:37 +0000"
    },
    "done": true
  },
  "minecraft:recipes/building_blocks/light_blue_concrete_powder": {
    "criteria": {
      "has_sand": "2024-08-28 23:43:37 +0000"
    },
    "done": true
  },
  "minecraft:recipes/building_blocks/glass": {
    "criteria": {
      "has_smelts_to_glass": "2024-08-28 23:43:37 +0000"
    },
    "done": true
  },
  "minecraft:recipes/building_blocks/green_concrete_powder": {
    "criteria": {
      "has_sand": "2024-08-28 23:43:37 +0000"
    },
    "done": true
  },
  "minecraft:recipes/building_blocks/blue_concrete_powder": {
    "criteria": {
      "has_sand": "2024-08-28 23:43:37 +0000"
    },
    "done": true
  },
  "minecraft:recipes/decorations/chest": {
    "criteria": {
      "has_lots_of_items": "2024-08-28 23:43:37 +0000"
    },
    "done": true
  },
  "minecraft:recipes/building_blocks/white_concrete_powder": {
    "criteria": {
      "has_sand": "2024-08-28 23:43:37 +0000"
    },
    "done": true
  },
  "minecraft:recipes/building_blocks/lime_concrete_powder": {
    "criteria": {
      "has_sand": "2024-08-28 23:43:37 +0000"
    },
    "done": true
  },
  "minecraft:recipes/building_blocks/orange_concrete_powder": {
    "criteria": {
      "has_sand": "2024-08-28 23:43:37 +0000"
    },
    "done": true
  },
  "minecraft:recipes/building_blocks/magenta_concrete_powder": {
    "criteria": {
      "has_sand": "2024-08-28 23:43:37 +0000"
    },
    "done": true
  },
  "minecraft:recipes/building_blocks/yellow_concrete_powder": {
    "criteria": {
      "has_sand": "2024-08-28 23:43:37 +0000"
    },
    "done": true
  },
  "minecraft:recipes/building_blocks/sandstone": {
    "criteria": {
      "has_sand": "2024-08-28 23:43:37 +0000"
    },
    "done": true
  },
  "minecraft:recipes/building_blocks/gray_concrete_powder": {
    "criteria": {
      "has_sand": "2024-08-28 23:43:37 +0000"
    },
    "done": true
  },
  "minecraft:recipes/building_blocks/black_concrete_powder": {
    "criteria": {
      "has_sand": "2024-08-28 23:43:37 +0000"
    },
    "done": true
  },
  "mcwroofs:recipes/concrete": {
    "criteria": {
      "has_planks": "2024-08-28 23:43:37 +0000"
    },
    "done": true
  },
  "minecraft:recipes/building_blocks/purple_concrete_powder": {
    "criteria": {
      "has_sand": "2024-08-28 23:43:37 +0000"
    },
    "done": true
  },
  "minecraft:recipes/building_blocks/cyan_concrete_powder": {
    "criteria": {
      "has_sand": "2024-08-28 23:43:37 +0000"
    },
    "done": true
  },
  "minecraft:adventure/kill_all_mobs": {
    "criteria": {
      "minecraft:skeleton": "2024-08-29 01:10:52 +0000",
      "minecraft:vindicator": "2024-08-29 00:04:30 +0000",
      "minecraft:magma_cube": "2024-08-29 02:38:55 +0000",
      "minecraft:spider": "2024-08-28 23:44:01 +0000",
      "minecraft:husk": "2024-08-29 02:23:43 +0000",
      "minecraft:cave_spider": "2024-08-29 00:53:11 +0000",
      "minecraft:silverfish": "2024-08-29 01:56:23 +0000",
      "minecraft:zombie": "2024-08-29 00:46:14 +0000"
    },
    "done": false
  },
  "minecraft:adventure/kill_a_mob": {
    "criteria": {
      "minecraft:spider": "2024-08-28 23:44:01 +0000"
    },
    "done": true
  },
  "minecraft:husbandry/root": {
    "criteria": {
      "consumed_item": "2024-08-28 23:44:45 +0000"
    },
    "done": true
  },
  "minecraft:husbandry/balanced_diet": {
    "criteria": {
      "cooked_porkchop": "2024-08-29 01:27:37 +0000",
      "cooked_mutton": "2024-08-29 01:13:30 +0000",
      "cooked_beef": "2024-08-28 23:50:59 +0000",
      "beef": "2024-08-28 23:44:45 +0000",
      "porkchop": "2024-08-29 02:18:29 +0000",
      "pumpkin_pie": "2024-08-29 02:26:11 +0000",
      "mutton": "2024-08-28 23:45:32 +0000",
      "bread": "2024-08-29 00:57:42 +0000",
      "golden_apple": "2024-08-29 01:05:36 +0000",
      "rotten_flesh": "2024-08-29 00:16:13 +0000",
      "melon_slice": "2024-08-29 02:52:37 +0000",
      "cooked_chicken": "2024-08-29 01:40:22 +0000",
      "carrot": "2024-08-29 01:06:32 +0000"
    },
    "done": false
  },
  "minecraft:recipes/food/cooked_mutton_from_smoking": {
    "criteria": {
      "has_mutton": "2024-08-28 23:45:10 +0000"
    },
    "done": true
  },
  "minecraft:recipes/decorations/painting": {
    "criteria": {
      "has_wool": "2024-08-28 23:45:10 +0000"
    },
    "done": true
  },
  "minecraft:recipes/decorations/white_carpet": {
    "criteria": {
      "has_white_wool": "2024-08-28 23:45:10 +0000"
    },
    "done": true
  },
  "minecraft:recipes/food/cooked_mutton": {
    "criteria": {
      "has_mutton": "2024-08-28 23:45:10 +0000"
    },
    "done": true
  },
  "minecraft:recipes/decorations/white_banner": {
    "criteria": {
      "has_white_wool": "2024-08-28 23:45:10 +0000"
    },
    "done": true
  },
  "minecraft:recipes/food/cooked_mutton_from_campfire_cooking": {
    "criteria": {
      "has_mutton": "2024-08-28 23:45:10 +0000"
    },
    "done": true
  },
  "minecraft:recipes/decorations/white_bed": {
    "criteria": {
      "has_white_wool": "2024-08-28 23:45:10 +0000"
    },
    "done": true
  },
  "mcwroofs:recipes/awning": {
    "criteria": {
      "has_planks": "2024-08-28 23:45:10 +0000"
    },
    "done": true
  },
  "minecraft:recipes/misc/bone_meal": {
    "criteria": {
      "has_bone": "2024-08-28 23:45:28 +0000"
    },
    "done": true
  },
  "mcwroofs:recipes/acacia": {
    "criteria": {
      "has_planks": "2024-08-28 23:50:51 +0000"
    },
    "done": true
  },
  "mcwbridges:recipes/acacia_bridge_pier": {
    "criteria": {
      "has_planks": "2024-08-28 23:50:51 +0000"
    },
    "done": true
  },
  "minecraft:recipes/building_blocks/acacia_wood": {
    "criteria": {
      "has_log": "2024-08-28 23:50:51 +0000"
    },
    "done": true
  },
  "minecraft:recipes/building_blocks/acacia_planks": {
    "criteria": {
      "has_log": "2024-08-28 23:50:51 +0000"
    },
    "done": true
  },
  "minecraft:recipes/food/cake": {
    "criteria": {
      "has_egg": "2024-08-28 23:51:13 +0000"
    },
    "done": true
  },
  "minecraft:recipes/misc/paper": {
    "criteria": {
      "has_reeds": "2024-08-28 23:52:17 +0000"
    },
    "done": true
  },
  "minecraft:recipes/misc/sugar_from_sugar_cane": {
    "criteria": {
      "has_sugar_cane": "2024-08-28 23:52:17 +0000"
    },
    "done": true
  },
  "minecraft:adventure/sleep_in_bed": {
    "criteria": {
      "slept_in_bed": "2024-08-28 23:56:42 +0000"
    },
    "done": true
  },
  "minecraft:recipes/redstone/trapped_chest": {
    "criteria": {
      "has_tripwire_hook": "2024-08-28 23:57:08 +0000"
    },
    "done": true
  },
  "minecraft:recipes/combat/crossbow": {
    "criteria": {
      "has_tripwire_hook": "2024-08-28 23:57:08 +0000"
    },
    "done": true
  },
  "friendsandfoes:adventure/it_bites": {
    "criteria": {
      "killed_mauler": "2024-08-28 23:57:57 +0000"
    },
    "done": true
  },
  "minecraft:recipes/building_blocks/bricks": {
    "criteria": {
      "has_brick": "2024-08-28 23:59:17 +0000"
    },
    "done": true
  },
  "minecraft:recipes/decorations/decorated_pot_simple": {
    "criteria": {
      "has_brick": "2024-08-28 23:59:17 +0000"
    },
    "done": true
  },
  "minecraft:adventure/salvage_sherd": {
    "criteria": {
      "has_sherd": "2024-08-28 23:59:17 +0000"
    },
    "done": false
  },
  "minecraft:recipes/decorations/flower_pot": {
    "criteria": {
      "has_brick": "2024-08-28 23:59:17 +0000"
    },
    "done": true
  },
  "minecraft:recipes/transportation/spruce_chest_boat": {
    "criteria": {
      "has_boat": "2024-08-29 00:02:37 +0000"
    },
    "done": true
  },
  "minecraft:recipes/transportation/jungle_chest_boat": {
    "criteria": {
      "has_boat": "2024-08-29 00:02:37 +0000"
    },
    "done": true
  },
  "minecraft:recipes/transportation/acacia_chest_boat": {
    "criteria": {
      "has_boat": "2024-08-29 00:02:37 +0000"
    },
    "done": true
  },
  "minecraft:recipes/transportation/mangrove_chest_boat": {
    "criteria": {
      "has_boat": "2024-08-29 00:02:37 +0000"
    },
    "done": true
  },
  "minecraft:recipes/transportation/oak_chest_boat": {
    "criteria": {
      "has_boat": "2024-08-29 00:02:37 +0000"
    },
    "done": true
  },
  "minecraft:recipes/transportation/cherry_chest_boat": {
    "criteria": {
      "has_boat": "2024-08-29 00:02:37 +0000"
    },
    "done": true
  },
  "minecraft:recipes/transportation/birch_chest_boat": {
    "criteria": {
      "has_boat": "2024-08-29 00:02:37 +0000"
    },
    "done": true
  },
  "minecraft:recipes/transportation/dark_oak_chest_boat": {
    "criteria": {
      "has_boat": "2024-08-29 00:02:37 +0000"
    },
    "done": true
  },
  "minecraft:recipes/transportation/bamboo_chest_raft": {
    "criteria": {
      "has_boat": "2024-08-29 00:02:37 +0000"
    },
    "done": true
  },
  "minecraft:recipes/redstone/acacia_button": {
    "criteria": {
      "has_planks": "2024-08-29 00:03:36 +0000"
    },
    "done": true
  },
  "mcwbridges:recipes/acacia_log_bridge_middle": {
    "criteria": {
      "has_planks": "2024-08-29 00:03:36 +0000"
    },
    "done": true
  },
  "minecraft:recipes/redstone/acacia_pressure_plate": {
    "criteria": {
      "has_planks": "2024-08-29 00:03:36 +0000"
    },
    "done": true
  },
  "minecraft:recipes/building_blocks/acacia_slab": {
    "criteria": {
      "has_planks": "2024-08-29 00:03:36 +0000"
    },
    "done": true
  },
  "minecraft:recipes/redstone/acacia_trapdoor": {
    "criteria": {
      "has_planks": "2024-08-29 00:03:36 +0000"
    },
    "done": true
  },
  "minecraft:recipes/building_blocks/acacia_stairs": {
    "criteria": {
      "has_planks": "2024-08-29 00:03:36 +0000"
    },
    "done": true
  },
  "mcwbridges:recipes/acacia_rail_bridge": {
    "criteria": {
      "has_planks": "2024-08-29 00:03:36 +0000"
    },
    "done": true
  },
  "minecraft:recipes/redstone/acacia_door": {
    "criteria": {
      "has_planks": "2024-08-29 00:03:36 +0000"
    },
    "done": true
  },
  "minecraft:recipes/redstone/acacia_fence_gate": {
    "criteria": {
      "has_planks": "2024-08-29 00:03:36 +0000"
    },
    "done": true
  },
  "mcwroofs:recipes/acacia_planks": {
    "criteria": {
      "has_planks": "2024-08-29 00:03:36 +0000"
    },
    "done": true
  },
  "minecraft:recipes/decorations/acacia_sign": {
    "criteria": {
      "has_planks": "2024-08-29 00:03:36 +0000"
    },
    "done": true
  },
  "minecraft:recipes/decorations/acacia_fence": {
    "criteria": {
      "has_planks": "2024-08-29 00:03:36 +0000"
    },
    "done": true
  },
  "mcwbridges:recipes/rope_acacia_bridge": {
    "criteria": {
      "has_planks": "2024-08-29 00:03:36 +0000"
    },
    "done": true
  },
  "minecraft:recipes/building_blocks/cut_sandstone_slab": {
    "criteria": {
      "has_cut_sandstone": "2024-08-29 00:03:57 +0000"
    },
    "done": true
  },
  "minecraft:recipes/building_blocks/cut_sandstone_slab_from_cut_sandstone_stonecutting": {
    "criteria": {
      "has_cut_sandstone": "2024-08-29 00:03:57 +0000"
    },
    "done": true
  },
  "minecraft:recipes/building_blocks/sandstone_stairs": {
    "criteria": {
      "has_cut_sandstone": "2024-08-29 00:03:57 +0000"
    },
    "done": true
  },
  "minecraft:recipes/building_blocks/sandstone_slab": {
    "criteria": {
      "has_sandstone": "2024-08-29 00:04:53 +0000"
    },
    "done": true
  },
  "minecraft:recipes/building_blocks/smooth_sandstone": {
    "criteria": {
      "has_sandstone": "2024-08-29 00:04:53 +0000"
    },
    "done": true
  },
  "minecraft:recipes/decorations/sandstone_wall_from_sandstone_stonecutting": {
    "criteria": {
      "has_sandstone": "2024-08-29 00:04:53 +0000"
    },
    "done": true
  },
  "mcwbridges:recipes/balustrade_sandstone_bridge": {
    "criteria": {
      "has_planks": "2024-08-29 00:04:53 +0000"
    },
    "done": true
  },
  "minecraft:recipes/building_blocks/cut_sandstone": {
    "criteria": {
      "has_sandstone": "2024-08-29 00:04:53 +0000"
    },
    "done": true
  },
  "minecraft:recipes/building_blocks/sandstone_stairs_from_sandstone_stonecutting": {
    "criteria": {
      "has_sandstone": "2024-08-29 00:04:53 +0000"
    },
    "done": true
  },
  "mcwbridges:recipes/sandstone_bridge_pier": {
    "criteria": {
      "has_planks": "2024-08-29 00:04:53 +0000"
    },
    "done": true
  },
  "mcwroofs:recipes/sandstone": {
    "criteria": {
      "has_planks": "2024-08-29 00:04:53 +0000"
    },
    "done": true
  },
  "minecraft:recipes/building_blocks/cut_sandstone_from_sandstone_stonecutting": {
    "criteria": {
      "has_sandstone": "2024-08-29 00:04:53 +0000"
    },
    "done": true
  },
  "minecraft:recipes/building_blocks/chiseled_sandstone_from_sandstone_stonecutting": {
    "criteria": {
      "has_sandstone": "2024-08-29 00:04:53 +0000"
    },
    "done": true
  },
  "minecraft:recipes/building_blocks/cut_sandstone_slab_from_sandstone_stonecutting": {
    "criteria": {
      "has_sandstone": "2024-08-29 00:04:53 +0000"
    },
    "done": true
  },
  "minecraft:recipes/building_blocks/sandstone_slab_from_sandstone_stonecutting": {
    "criteria": {
      "has_sandstone": "2024-08-29 00:04:53 +0000"
    },
    "done": true
  },
  "minecraft:recipes/decorations/sandstone_wall": {
    "criteria": {
      "has_sandstone": "2024-08-29 00:04:53 +0000"
    },
    "done": true
  },
  "mcwbridges:recipes/sandstone_bridge": {
    "criteria": {
      "has_planks": "2024-08-29 00:04:53 +0000"
    },
    "done": true
  },
  "minecraft:recipes/building_blocks/emerald_block": {
    "criteria": {
      "has_emerald": "2024-08-29 00:04:55 +0000"
    },
    "done": true
  },
  "minecraft:recipes/building_blocks/chiseled_red_sandstone": {
    "criteria": {
      "has_chiseled_red_sandstone": "2024-08-29 00:05:13 +0000"
    },
    "done": true
  },
  "minecraft:recipes/building_blocks/red_sandstone_slab": {
    "criteria": {
      "has_chiseled_red_sandstone": "2024-08-29 00:05:13 +0000"
    },
    "done": true
  },
  "minecraft:recipes/building_blocks/red_sandstone_stairs": {
    "criteria": {
      "has_chiseled_red_sandstone": "2024-08-29 00:05:13 +0000"
    },
    "done": true
  },
  "minecraft:recipes/combat/bow": {
    "criteria": {
      "has_string": "2024-08-29 00:05:16 +0000"
    },
    "done": true
  },
  "minecraft:recipes/tools/fishing_rod": {
    "criteria": {
      "has_string": "2024-08-29 00:05:16 +0000"
    },
    "done": true
  },
  "minecraft:recipes/redstone/tripwire_hook": {
    "criteria": {
      "has_string": "2024-08-29 00:05:16 +0000"
    },
    "done": true
  },
  "minecraft:recipes/decorations/candle": {
    "criteria": {
      "has_string": "2024-08-29 00:05:16 +0000"
    },
    "done": true
  },
  "minecraft:recipes/building_blocks/white_wool_from_string": {
    "criteria": {
      "has_string": "2024-08-29 00:05:16 +0000"
    },
    "done": true
  },
  "minecraft:recipes/decorations/loom": {
    "criteria": {
      "has_string": "2024-08-29 00:05:16 +0000"
    },
    "done": true
  },
  "minecraft:recipes/misc/firework_rocket_simple": {
    "criteria": {
      "has_gunpowder": "2024-08-29 00:05:17 +0000"
    },
    "done": true
  },
  "minecraft:recipes/redstone/tnt": {
    "criteria": {
      "has_gunpowder": "2024-08-29 00:05:17 +0000"
    },
    "done": true
  },
  "minecraft:recipes/misc/gold_nugget_from_smelting": {
    "criteria": {
      "has_golden_hoe": "2024-08-29 00:06:26 +0000"
    },
    "done": true
  },
  "minecraft:recipes/misc/gold_nugget_from_blasting": {
    "criteria": {
      "has_golden_hoe": "2024-08-29 00:06:26 +0000"
    },
    "done": true
  },
  "minecraft:recipes/decorations/chain": {
    "criteria": {
      "has_iron_nugget": "2024-08-29 00:06:26 +0000"
    },
    "done": true
  },
  "minecraft:recipes/decorations/lantern": {
    "criteria": {
      "has_iron_nugget": "2024-08-29 00:06:26 +0000"
    },
    "done": true
  },
  "minecraft:recipes/misc/iron_ingot_from_nuggets": {
    "criteria": {
      "has_iron_nugget": "2024-08-29 00:06:26 +0000"
    },
    "done": true
  },
  "betterdungeons:all_dungeons": {
    "criteria": {
      "in_better_spider_dungeon": "2024-08-29 00:50:55 +0000"
    },
    "done": false
  },
  "betterdungeons:spider_dungeon": {
    "criteria": {
      "in_better_spider_dungeon": "2024-08-29 00:50:55 +0000"
    },
    "done": true
  },
  "minecraft:recipes/brewing/fermented_spider_eye": {
    "criteria": {
      "has_spider_eye": "2024-08-29 00:56:19 +0000"
    },
    "done": true
  },
  "minecraft:recipes/redstone/lever": {
    "criteria": {
      "has_cobblestone": "2024-08-29 00:58:36 +0000"
    },
    "done": true
  },
  "minecraft:recipes/combat/stone_sword": {
    "criteria": {
      "has_cobblestone": "2024-08-29 00:58:36 +0000"
    },
    "done": true
  },
  "minecraft:recipes/decorations/cobblestone_wall": {
    "criteria": {
      "has_cobblestone": "2024-08-29 00:58:36 +0000"
    },
    "done": true
  },
  "minecraft:recipes/tools/stone_axe": {
    "criteria": {
      "has_cobblestone": "2024-08-29 00:58:36 +0000"
    },
    "done": true
  },
  "minecraft:story/mine_stone": {
    "criteria": {
      "get_stone": "2024-08-29 00:58:36 +0000"
    },
    "done": true
  },
  "minecraft:recipes/decorations/furnace": {
    "criteria": {
      "has_cobblestone": "2024-08-29 00:58:36 +0000"
    },
    "done": true
  },
  "minecraft:recipes/building_blocks/cobblestone_slab_from_cobblestone_stonecutting": {
    "criteria": {
      "has_cobblestone": "2024-08-29 00:58:36 +0000"
    },
    "done": true
  },
  "minecraft:recipes/building_blocks/stone": {
    "criteria": {
      "has_cobblestone": "2024-08-29 00:58:36 +0000"
    },
    "done": true
  },
  "mcwbridges:recipes/cobblestone_bridge": {
    "criteria": {
      "has_planks": "2024-08-29 00:58:36 +0000"
    },
    "done": true
  },
  "minecraft:recipes/tools/stone_pickaxe": {
    "criteria": {
      "has_cobblestone": "2024-08-29 00:58:36 +0000"
    },
    "done": true
  },
  "mcwbridges:recipes/cobblestone_bridge_pier": {
    "criteria": {
      "has_planks": "2024-08-29 00:58:36 +0000"
    },
    "done": true
  },
  "minecraft:recipes/building_blocks/cobblestone_slab": {
    "criteria": {
      "has_cobblestone": "2024-08-29 00:58:36 +0000"
    },
    "done": true
  },
  "mcwbridges:recipes/cobblestone_bridge_stair": {
    "criteria": {
      "has_planks": "2024-08-29 00:58:36 +0000"
    },
    "done": true
  },
  "mcwbridges:recipes/balustrade_cobblestone_bridge": {
    "criteria": {
      "has_planks": "2024-08-29 00:58:36 +0000"
    },
    "done": true
  },
  "minecraft:recipes/decorations/cobblestone_wall_from_cobblestone_stonecutting": {
    "criteria": {
      "has_cobblestone": "2024-08-29 00:58:36 +0000"
    },
    "done": true
  },
  "minecraft:recipes/building_blocks/cobblestone_stairs_from_cobblestone_stonecutting": {
    "criteria": {
      "has_cobblestone": "2024-08-29 00:58:36 +0000"
    },
    "done": true
  },
  "minecraft:recipes/building_blocks/cobblestone_stairs": {
    "criteria": {
      "has_cobblestone": "2024-08-29 00:58:36 +0000"
    },
    "done": true
  },
  "minecraft:recipes/tools/stone_hoe": {
    "criteria": {
      "has_cobblestone": "2024-08-29 00:58:36 +0000"
    },
    "done": true
  },
  "mcwroofs:recipes/cobblestone": {
    "criteria": {
      "has_planks": "2024-08-29 00:58:36 +0000"
    },
    "done": true
  },
  "minecraft:recipes/tools/stone_shovel": {
    "criteria": {
      "has_cobblestone": "2024-08-29 00:58:36 +0000"
    },
    "done": true
  },
  "minecraft:recipes/building_blocks/coal_block": {
    "criteria": {
      "has_coal": "2024-08-29 01:00:20 +0000"
    },
    "done": true
  },
  "mcwbridges:recipes/bridge_lantern": {
    "criteria": {
      "has_planks": "2024-08-29 01:00:20 +0000"
    },
    "done": true
  },
  "minecraft:story/deflect_arrow": {
    "criteria": {
      "deflected_projectile": "2024-08-29 01:04:19 +0000"
    },
    "done": true
  },
  "minecraft:recipes/transportation/carrot_on_a_stick": {
    "criteria": {
      "has_carrot": "2024-08-29 01:06:30 +0000"
    },
    "done": true
  },
  "betternether:recipes/misc/copy_bowl_upgrade": {
    "criteria": {
      "has_diamond": "2024-08-29 01:11:25 +0000"
    },
    "done": true
  },
  "minecraft:recipes/combat/diamond_leggings": {
    "criteria": {
      "has_diamond": "2024-08-29 01:11:25 +0000"
    },
    "done": true
  },
  "minecraft:recipes/combat/diamond_sword": {
    "criteria": {
      "has_diamond": "2024-08-29 01:11:25 +0000"
    },
    "done": true
  },
  "minecraft:recipes/decorations/jukebox": {
    "criteria": {
      "has_diamond": "2024-08-29 01:11:25 +0000"
    },
    "done": true
  },
  "minecraft:recipes/combat/diamond_chestplate": {
    "criteria": {
      "has_diamond": "2024-08-29 01:11:25 +0000"
    },
    "done": true
  },
  "betternether:recipes/tools/cincinnasite_hoe_diamond": {
    "criteria": {
      "has_item.minecraft.diamond": "2024-08-29 01:11:25 +0000"
    },
    "done": true
  },
  "minecraft:recipes/tools/diamond_pickaxe": {
    "criteria": {
      "has_diamond": "2024-08-29 01:11:25 +0000"
    },
    "done": true
  },
  "minecraft:recipes/tools/diamond_hoe": {
    "criteria": {
      "has_diamond": "2024-08-29 01:11:25 +0000"
    },
    "done": true
  },
  "minecraft:recipes/tools/diamond_shovel": {
    "criteria": {
      "has_diamond": "2024-08-29 01:11:25 +0000"
    },
    "done": true
  },
  "minecraft:recipes/combat/diamond_boots": {
    "criteria": {
      "has_diamond": "2024-08-29 01:11:25 +0000"
    },
    "done": true
  },
  "minecraft:recipes/combat/diamond_helmet": {
    "criteria": {
      "has_diamond": "2024-08-29 01:11:25 +0000"
    },
    "done": true
  },
  "betternether:recipes/combat/cincinnasite_sword_diamond": {
    "criteria": {
      "has_item.minecraft.diamond": "2024-08-29 01:11:25 +0000"
    },
    "done": true
  },
  "betternether:recipes/tools/cincinnasite_shovel_diamond": {
    "criteria": {
      "has_item.minecraft.diamond": "2024-08-29 01:11:25 +0000"
    },
    "done": true
  },
  "betternether:recipes/tools/cincinnasite_axe_diamond": {
    "criteria": {
      "has_item.minecraft.diamond": "2024-08-29 01:11:25 +0000"
    },
    "done": true
  },
  "minecraft:recipes/building_blocks/diamond_block": {
    "criteria": {
      "has_diamond": "2024-08-29 01:11:25 +0000"
    },
    "done": true
  },
  "betternether:recipes/tools/cincinnasite_pickaxe_diamond": {
    "criteria": {
      "has_item.minecraft.diamond": "2024-08-29 01:11:25 +0000"
    },
    "done": true
  },
  "betternether:recipes/misc/copy_flaming_ruby_upgrade": {
    "criteria": {
      "has_diamond": "2024-08-29 01:11:25 +0000"
    },
    "done": true
  },
  "minecraft:story/mine_diamond": {
    "criteria": {
      "diamond": "2024-08-29 01:11:25 +0000"
    },
    "done": true
  },
  "minecraft:recipes/tools/diamond_axe": {
    "criteria": {
      "has_diamond": "2024-08-29 01:11:25 +0000"
    },
    "done": true
  },
  "betternether:recipes/misc/copy_cincinnasite_diamond_upgrade": {
    "criteria": {
      "has_diamond": "2024-08-29 01:11:25 +0000"
    },
    "done": true
  },
  "minecraft:recipes/building_blocks/polished_deepslate": {
    "criteria": {
      "has_cobbled_deepslate": "2024-08-29 01:12:25 +0000"
    },
    "done": true
  },
  "minecraft:recipes/building_blocks/deepslate_tile_stairs_from_cobbled_deepslate_stonecutting": {
    "criteria": {
      "has_cobbled_deepslate": "2024-08-29 01:12:25 +0000"
    },
    "done": true
  },
  "minecraft:recipes/building_blocks/deepslate_brick_stairs_from_cobbled_deepslate_stonecutting": {
    "criteria": {
      "has_cobbled_deepslate": "2024-08-29 01:12:25 +0000"
    },
    "done": true
  },
  "minecraft:recipes/building_blocks/chiseled_deepslate_from_cobbled_deepslate_stonecutting": {
    "criteria": {
      "has_cobbled_deepslate": "2024-08-29 01:12:25 +0000"
    },
    "done": true
  },
  "minecraft:recipes/building_blocks/cobbled_deepslate_slab": {
    "criteria": {
      "has_cobbled_deepslate": "2024-08-29 01:12:25 +0000"
    },
    "done": true
  },
  "minecraft:recipes/decorations/cobbled_deepslate_wall_from_cobbled_deepslate_stonecutting": {
    "criteria": {
      "has_cobbled_deepslate": "2024-08-29 01:12:25 +0000"
    },
    "done": true
  },
  "minecraft:recipes/decorations/cobbled_deepslate_wall": {
    "criteria": {
      "has_cobbled_deepslate": "2024-08-29 01:12:25 +0000"
    },
    "done": true
  },
  "minecraft:recipes/decorations/polished_deepslate_wall_from_cobbled_deepslate_stonecutting": {
    "criteria": {
      "has_cobbled_deepslate": "2024-08-29 01:12:25 +0000"
    },
    "done": true
  },
  "minecraft:recipes/building_blocks/cobbled_deepslate_stairs_from_cobbled_deepslate_stonecutting": {
    "criteria": {
      "has_cobbled_deepslate": "2024-08-29 01:12:25 +0000"
    },
    "done": true
  },
  "minecraft:recipes/building_blocks/deepslate": {
    "criteria": {
      "has_cobbled_deepslate": "2024-08-29 01:12:25 +0000"
    },
    "done": true
  },
  "minecraft:recipes/building_blocks/polished_deepslate_stairs_from_cobbled_deepslate_stonecutting": {
    "criteria": {
      "has_cobbled_deepslate": "2024-08-29 01:12:25 +0000"
    },
    "done": true
  },
  "minecraft:recipes/decorations/deepslate_brick_wall_from_cobbled_deepslate_stonecutting": {
    "criteria": {
      "has_cobbled_deepslate": "2024-08-29 01:12:25 +0000"
    },
    "done": true
  },
  "minecraft:recipes/building_blocks/polished_deepslate_from_cobbled_deepslate_stonecutting": {
    "criteria": {
      "has_cobbled_deepslate": "2024-08-29 01:12:25 +0000"
    },
    "done": true
  },
  "minecraft:recipes/building_blocks/polished_deepslate_slab_from_cobbled_deepslate_stonecutting": {
    "criteria": {
      "has_cobbled_deepslate": "2024-08-29 01:12:25 +0000"
    },
    "done": true
  },
  "minecraft:recipes/building_blocks/deepslate_brick_slab_from_cobbled_deepslate_stonecutting": {
    "criteria": {
      "has_cobbled_deepslate": "2024-08-29 01:12:25 +0000"
    },
    "done": true
  },
  "minecraft:recipes/building_blocks/cobbled_deepslate_slab_from_cobbled_deepslate_stonecutting": {
    "criteria": {
      "has_cobbled_deepslate": "2024-08-29 01:12:25 +0000"
    },
    "done": true
  },
  "minecraft:recipes/building_blocks/deepslate_tile_slab_from_cobbled_deepslate_stonecutting": {
    "criteria": {
      "has_cobbled_deepslate": "2024-08-29 01:12:25 +0000"
    },
    "done": true
  },
  "minecraft:recipes/building_blocks/cobbled_deepslate_stairs": {
    "criteria": {
      "has_cobbled_deepslate": "2024-08-29 01:12:25 +0000"
    },
    "done": true
  },
  "minecraft:recipes/decorations/deepslate_tile_wall_from_cobbled_deepslate_stonecutting": {
    "criteria": {
      "has_cobbled_deepslate": "2024-08-29 01:12:25 +0000"
    },
    "done": true
  },
  "minecraft:recipes/building_blocks/deepslate_bricks_from_cobbled_deepslate_stonecutting": {
    "criteria": {
      "has_cobbled_deepslate": "2024-08-29 01:12:25 +0000"
    },
    "done": true
  },
  "minecraft:recipes/building_blocks/deepslate_tiles_from_cobbled_deepslate_stonecutting": {
    "criteria": {
      "has_cobbled_deepslate": "2024-08-29 01:12:25 +0000"
    },
    "done": true
  },
  "minecraft:recipes/misc/gold_ingot_from_blasting_raw_gold": {
    "criteria": {
      "has_raw_gold": "2024-08-29 01:20:05 +0000"
    },
    "done": true
  },
  "minecraft:recipes/misc/gold_ingot_from_smelting_raw_gold": {
    "criteria": {
      "has_raw_gold": "2024-08-29 01:20:05 +0000"
    },
    "done": true
  },
  "minecraft:recipes/building_blocks/raw_gold_block": {
    "criteria": {
      "has_raw_gold": "2024-08-29 01:20:05 +0000"
    },
    "done": true
  },
  "minecraft:recipes/food/bread": {
    "criteria": {
      "has_wheat": "2024-08-29 01:20:49 +0000"
    },
    "done": true
  },
  "minecraft:recipes/building_blocks/hay_block": {
    "criteria": {
      "has_wheat": "2024-08-29 01:20:49 +0000"
    },
    "done": true
  },
  "mcwroofs:recipes/thatch": {
    "criteria": {
      "has_planks": "2024-08-29 01:20:49 +0000"
    },
    "done": true
  },
  "minecraft:recipes/combat/iron_leggings": {
    "criteria": {
      "has_iron_ingot": "2024-08-29 01:22:14 +0000"
    },
    "done": true
  },
  "bclib:recipes/tools/tag_compass": {
    "criteria": {
      "has_tag_c_iron_ingots": "2024-08-29 01:22:14 +0000"
    },
    "done": true
  },
  "minecraft:recipes/combat/iron_chestplate": {
    "criteria": {
      "has_iron_ingot": "2024-08-29 01:22:14 +0000"
    },
    "done": true
  },
  "minecraft:recipes/misc/iron_nugget": {
    "criteria": {
      "has_iron_ingot": "2024-08-29 01:22:14 +0000"
    },
    "done": true
  },
  "minecraft:recipes/misc/bucket": {
    "criteria": {
      "has_iron_ingot": "2024-08-29 01:22:14 +0000"
    },
    "done": true
  },
  "minecraft:recipes/combat/iron_helmet": {
    "criteria": {
      "has_iron_ingot": "2024-08-29 01:22:14 +0000"
    },
    "done": true
  },
  "minecraft:recipes/transportation/minecart": {
    "criteria": {
      "has_iron_ingot": "2024-08-29 01:22:14 +0000"
    },
    "done": true
  },
  "minecraft:recipes/tools/iron_hoe": {
    "criteria": {
      "has_iron_ingot": "2024-08-29 01:22:14 +0000"
    },
    "done": true
  },
  "mcwroofs:recipes/gutters": {
    "criteria": {
      "has_planks": "2024-08-29 01:22:14 +0000"
    },
    "done": true
  },
  "minecraft:story/smelt_iron": {
    "criteria": {
      "iron": "2024-08-29 01:22:14 +0000"
    },
    "done": true
  },
  "minecraft:recipes/tools/shears": {
    "criteria": {
      "has_iron_ingot": "2024-08-29 01:22:14 +0000"
    },
    "done": true
  },
  "minecraft:recipes/building_blocks/iron_block": {
    "criteria": {
      "has_iron_ingot": "2024-08-29 01:22:14 +0000"
    },
    "done": true
  },
  "minecraft:recipes/decorations/smithing_table": {
    "criteria": {
      "has_iron_ingot": "2024-08-29 01:22:14 +0000"
    },
    "done": true
  },
  "mcwbridges:recipes/iron_bridge_pier": {
    "criteria": {
      "has_planks": "2024-08-29 01:22:14 +0000"
    },
    "done": true
  },
  "minecraft:recipes/combat/iron_sword": {
    "criteria": {
      "has_iron_ingot": "2024-08-29 01:22:14 +0000"
    },
    "done": true
  },
  "minecraft:recipes/tools/iron_pickaxe": {
    "criteria": {
      "has_iron_ingot": "2024-08-29 01:22:14 +0000"
    },
    "done": true
  },
  "minecraft:recipes/combat/shield": {
    "criteria": {
      "has_iron_ingot": "2024-08-29 01:22:14 +0000"
    },
    "done": true
  },
  "minecraft:recipes/redstone/hopper": {
    "criteria": {
      "has_iron_ingot": "2024-08-29 01:22:14 +0000"
    },
    "done": true
  },
  "minecraft:recipes/decorations/iron_bars": {
    "criteria": {
      "has_iron_ingot": "2024-08-29 01:22:14 +0000"
    },
    "done": true
  },
  "minecraft:recipes/combat/iron_boots": {
    "criteria": {
      "has_iron_ingot": "2024-08-29 01:22:14 +0000"
    },
    "done": true
  },
  "minecraft:recipes/misc/iron_ingot_from_smelting_raw_iron": {
    "criteria": {
      "has_the_recipe": "2024-08-29 01:22:14 +0000"
    },
    "done": true
  },
  "bclib:recipes/transportation/tag_minecart": {
    "criteria": {
      "has_tag_c_iron_ingots": "2024-08-29 01:22:14 +0000"
    },
    "done": true
  },
  "minecraft:recipes/tools/iron_shovel": {
    "criteria": {
      "has_iron_ingot": "2024-08-29 01:22:14 +0000"
    },
    "done": true
  },
  "bclib:recipes/misc/tag_bucket": {
    "criteria": {
      "has_tag_c_iron_ingots": "2024-08-29 01:22:14 +0000"
    },
    "done": true
  },
  "mcwbridges:recipes/iron_bridge": {
    "criteria": {
      "has_planks": "2024-08-29 01:22:14 +0000"
    },
    "done": true
  },
  "minecraft:recipes/redstone/iron_trapdoor": {
    "criteria": {
      "has_iron_ingot": "2024-08-29 01:22:14 +0000"
    },
    "done": true
  },
  "minecraft:recipes/tools/iron_axe": {
    "criteria": {
      "has_iron_ingot": "2024-08-29 01:22:14 +0000"
    },
    "done": true
  },
  "bclib:recipes/redstone/tag_hopper": {
    "criteria": {
      "has_tag_c_iron_ingots": "2024-08-29 01:22:14 +0000"
    },
    "done": true
  },
  "bclib:recipes/brewing/tag_cauldron": {
    "criteria": {
      "has_tag_c_iron_ingots": "2024-08-29 01:22:14 +0000"
    },
    "done": true
  },
  "mcwbridges:recipes/pliers": {
    "criteria": {
      "has_planks": "2024-08-29 01:22:14 +0000"
    },
    "done": true
  },
  "bclib:recipes/decorations/tag_stonecutter": {
    "criteria": {
      "has_tag_c_iron_ingots": "2024-08-29 01:22:14 +0000"
    },
    "done": true
  },
  "minecraft:recipes/redstone/iron_door": {
    "criteria": {
      "has_iron_ingot": "2024-08-29 01:22:14 +0000"
    },
    "done": true
  },
  "minecraft:recipes/redstone/heavy_weighted_pressure_plate": {
    "criteria": {
      "has_iron_ingot": "2024-08-29 01:22:14 +0000"
    },
    "done": true
  },
  "minecraft:recipes/redstone/lightning_rod": {
    "criteria": {
      "has_copper_ingot": "2024-08-29 01:23:59 +0000"
    },
    "done": true
  },
  "minecraft:recipes/building_blocks/copper_block": {
    "criteria": {
      "has_copper_ingot": "2024-08-29 01:23:59 +0000"
    },
    "done": true
  },
  "minecraft:recipes/tools/brush": {
    "criteria": {
      "has_copper_ingot": "2024-08-29 01:23:59 +0000"
    },
    "done": true
  },
  "friendsandfoes:recipes/redstone/copper_button": {
    "criteria": {
      "has_copper_ingot": "2024-08-29 01:23:59 +0000"
    },
    "done": true
  },
  "minecraft:recipes/misc/iron_nugget_from_smelting": {
    "criteria": {
      "has_iron_pickaxe": "2024-08-29 01:24:30 +0000"
    },
    "done": true
  },
  "minecraft:story/iron_tools": {
    "criteria": {
      "iron_pickaxe": "2024-08-29 01:24:30 +0000"
    },
    "done": true
  },
  "minecraft:recipes/misc/iron_nugget_from_blasting": {
    "criteria": {
      "has_iron_pickaxe": "2024-08-29 01:24:30 +0000"
    },
    "done": true
  },
  "minecraft:recipes/building_blocks/raw_iron_block": {
    "criteria": {
      "has_raw_iron": "2024-08-29 01:25:10 +0000"
    },
    "done": true
  },
  "minecraft:recipes/misc/iron_ingot_from_blasting_raw_iron": {
    "criteria": {
      "has_raw_iron": "2024-08-29 01:25:10 +0000"
    },
    "done": true
  },
  "minecraft:recipes/food/cooked_porkchop": {
    "criteria": {
      "has_the_recipe": "2024-08-29 01:27:34 +0000"
    },
    "done": true
  },
  "minecraft:recipes/tools/golden_axe": {
    "criteria": {
      "has_gold_ingot": "2024-08-29 01:29:34 +0000"
    },
    "done": true
  },
  "minecraft:recipes/tools/golden_pickaxe": {
    "criteria": {
      "has_gold_ingot": "2024-08-29 01:29:34 +0000"
    },
    "done": true
  },
  "minecraft:recipes/misc/gold_nugget": {
    "criteria": {
      "has_gold_ingot": "2024-08-29 01:29:34 +0000"
    },
    "done": true
  },
  "minecraft:recipes/tools/golden_shovel": {
    "criteria": {
      "has_gold_ingot": "2024-08-29 01:29:34 +0000"
    },
    "done": true
  },
  "minecraft:recipes/food/golden_apple": {
    "criteria": {
      "has_gold_ingot": "2024-08-29 01:29:34 +0000"
    },
    "done": true
  },
  "minecraft:recipes/combat/golden_boots": {
    "criteria": {
      "has_gold_ingot": "2024-08-29 01:29:34 +0000"
    },
    "done": true
  },
  "minecraft:recipes/combat/golden_helmet": {
    "criteria": {
      "has_gold_ingot": "2024-08-29 01:29:34 +0000"
    },
    "done": true
  },
  "minecraft:recipes/combat/golden_chestplate": {
    "criteria": {
      "has_gold_ingot": "2024-08-29 01:29:34 +0000"
    },
    "done": true
  },
  "minecraft:recipes/redstone/light_weighted_pressure_plate": {
    "criteria": {
      "has_gold_ingot": "2024-08-29 01:29:34 +0000"
    },
    "done": true
  },
  "minecraft:recipes/combat/golden_sword": {
    "criteria": {
      "has_gold_ingot": "2024-08-29 01:29:34 +0000"
    },
    "done": true
  },
  "minecraft:recipes/building_blocks/gold_block": {
    "criteria": {
      "has_gold_ingot": "2024-08-29 01:29:34 +0000"
    },
    "done": true
  },
  "minecraft:recipes/tools/golden_hoe": {
    "criteria": {
      "has_gold_ingot": "2024-08-29 01:29:34 +0000"
    },
    "done": true
  },
  "minecraft:recipes/combat/golden_leggings": {
    "criteria": {
      "has_gold_ingot": "2024-08-29 01:29:34 +0000"
    },
    "done": true
  },
  "minecraft:recipes/decorations/glow_item_frame": {
    "criteria": {
      "has_glow_ink_sac": "2024-08-29 01:35:24 +0000"
    },
    "done": true
  },
  "minecraft:recipes/food/cooked_chicken_from_smoking": {
    "criteria": {
      "has_the_recipe": "2024-08-29 01:40:16 +0000"
    },
    "done": true
  },
  "mcwroofs:recipes/grass": {
    "criteria": {
      "has_planks": "2024-08-29 01:41:30 +0000"
    },
    "done": true
  },
  "repurposed_structures:outposts": {
    "criteria": {
      "in_outpost_birch": "2024-08-29 01:44:53 +0000"
    },
    "done": false
  },
  "mcwroofs:recipes/birch": {
    "criteria": {
      "has_planks": "2024-08-29 01:45:22 +0000"
    },
    "done": true
  },
  "mcwbridges:recipes/birch_bridge_pier": {
    "criteria": {
      "has_planks": "2024-08-29 01:45:22 +0000"
    },
    "done": true
  },
  "minecraft:recipes/building_blocks/birch_wood": {
    "criteria": {
      "has_log": "2024-08-29 01:45:22 +0000"
    },
    "done": true
  },
  "minecraft:recipes/building_blocks/birch_planks": {
    "criteria": {
      "has_logs": "2024-08-29 01:45:22 +0000"
    },
    "done": true
  },
  "mcwroofs:recipes/birch_planks": {
    "criteria": {
      "has_planks": "2024-08-29 01:46:12 +0000"
    },
    "done": true
  },
  "minecraft:recipes/redstone/birch_button": {
    "criteria": {
      "has_planks": "2024-08-29 01:46:12 +0000"
    },
    "done": true
  },
  "mcwbridges:recipes/birch_rail_bridge": {
    "criteria": {
      "has_planks": "2024-08-29 01:46:12 +0000"
    },
    "done": true
  },
  "minecraft:recipes/redstone/birch_door": {
    "criteria": {
      "has_planks": "2024-08-29 01:46:12 +0000"
    },
    "done": true
  },
  "minecraft:recipes/decorations/birch_fence": {
    "criteria": {
      "has_planks": "2024-08-29 01:46:12 +0000"
    },
    "done": true
  },
  "minecraft:recipes/decorations/birch_sign": {
    "criteria": {
      "has_planks": "2024-08-29 01:46:12 +0000"
    },
    "done": true
  },
  "minecraft:recipes/redstone/birch_fence_gate": {
    "criteria": {
      "has_planks": "2024-08-29 01:46:12 +0000"
    },
    "done": true
  },
  "minecraft:recipes/building_blocks/birch_slab": {
    "criteria": {
      "has_planks": "2024-08-29 01:46:12 +0000"
    },
    "done": true
  },
  "minecraft:recipes/building_blocks/birch_stairs": {
    "criteria": {
      "has_planks": "2024-08-29 01:46:12 +0000"
    },
    "done": true
  },
  "mcwbridges:recipes/birch_log_bridge_middle": {
    "criteria": {
      "has_planks": "2024-08-29 01:46:12 +0000"
    },
    "done": true
  },
  "minecraft:recipes/redstone/birch_trapdoor": {
    "criteria": {
      "has_planks": "2024-08-29 01:46:12 +0000"
    },
    "done": true
  },
  "minecraft:recipes/redstone/birch_pressure_plate": {
    "criteria": {
      "has_planks": "2024-08-29 01:46:12 +0000"
    },
    "done": true
  },
  "mcwbridges:recipes/rope_birch_bridge": {
    "criteria": {
      "has_planks": "2024-08-29 01:46:12 +0000"
    },
    "done": true
  },
  "betternether:recipes/transportation/mushroom_fir_chest_boat": {
    "criteria": {
      "has_tag_c_chest": "2024-08-29 01:48:34 +0000"
    },
    "done": true
  },
  "bclib:recipes/decorations/tag_shulker_box": {
    "criteria": {
      "has_tag_c_chest": "2024-08-29 01:48:34 +0000"
    },
    "done": true
  },
  "betternether:recipes/transportation/stalagnate_chest_boat": {
    "criteria": {
      "has_tag_c_chest": "2024-08-29 01:48:34 +0000"
    },
    "done": true
  },
  "betternether:recipes/transportation/crimson_chest_boat": {
    "criteria": {
      "has_tag_c_chest": "2024-08-29 01:48:34 +0000"
    },
    "done": true
  },
  "betternether:recipes/transportation/nether_reed_chest_boat": {
    "criteria": {
      "has_tag_c_chest": "2024-08-29 01:48:34 +0000"
    },
    "done": true
  },
  "betternether:recipes/transportation/nether_mushroom_chest_boat": {
    "criteria": {
      "has_tag_c_chest": "2024-08-29 01:48:34 +0000"
    },
    "done": true
  },
  "betternether:recipes/transportation/nether_sakura_chest_boat": {
    "criteria": {
      "has_tag_c_chest": "2024-08-29 01:48:34 +0000"
    },
    "done": true
  },
  "betternether:recipes/transportation/anchor_tree_chest_boat": {
    "criteria": {
      "has_tag_c_chest": "2024-08-29 01:48:34 +0000"
    },
    "done": true
  },
  "betternether:recipes/transportation/wart_chest_boat": {
    "criteria": {
      "has_tag_c_chest": "2024-08-29 01:48:34 +0000"
    },
    "done": true
  },
  "betternether:recipes/transportation/warped_chest_boat": {
    "criteria": {
      "has_tag_c_chest": "2024-08-29 01:48:34 +0000"
    },
    "done": true
  },
  "betternether:recipes/transportation/rubeus_chest_boat": {
    "criteria": {
      "has_tag_c_chest": "2024-08-29 01:48:34 +0000"
    },
    "done": true
  },
  "betternether:recipes/transportation/willow_chest_boat": {
    "criteria": {
      "has_tag_c_chest": "2024-08-29 01:48:34 +0000"
    },
    "done": true
  },
  "minecraft:recipes/redstone/target": {
    "criteria": {
      "has_hay_block": "2024-08-29 01:50:54 +0000"
    },
    "done": true
  },
  "minecraft:recipes/misc/wheat": {
    "criteria": {
      "has_hay_block": "2024-08-29 01:50:54 +0000"
    },
    "done": true
  },
  "betternether:recipes/building_blocks/whispering_gourd_lantern": {
    "criteria": {
      "has_torch": "2024-08-29 01:51:34 +0000"
    },
    "done": true
  },
  "mcwbridges:recipes/bridge_torch": {
    "criteria": {
      "has_planks": "2024-08-29 01:51:34 +0000"
    },
    "done": true
  },
  "minecraft:recipes/misc/yellow_dye_from_dandelion": {
    "criteria": {
      "has_dandelion": "2024-08-29 01:52:00 +0000"
    },
    "done": true
  },
  "minecraft:recipes/building_blocks/mossy_cobblestone_stairs_from_mossy_cobblestone_stonecutting": {
    "criteria": {
      "has_mossy_cobblestone": "2024-08-29 01:54:12 +0000"
    },
    "done": true
  },
  "mcwbridges:recipes/mossy_cobblestone_bridge_pier": {
    "criteria": {
      "has_planks": "2024-08-29 01:54:12 +0000"
    },
    "done": true
  },
  "minecraft:recipes/building_blocks/mossy_cobblestone_slab": {
    "criteria": {
      "has_mossy_cobblestone": "2024-08-29 01:54:12 +0000"
    },
    "done": true
  },
  "minecraft:recipes/building_blocks/mossy_cobblestone_stairs": {
    "criteria": {
      "has_mossy_cobblestone": "2024-08-29 01:54:12 +0000"
    },
    "done": true
  },
  "mcwbridges:recipes/mossy_cobblestone_bridge": {
    "criteria": {
      "has_planks": "2024-08-29 01:54:12 +0000"
    },
    "done": true
  },
  "mcwbridges:recipes/mossy_stone_brick_bridge": {
    "criteria": {
      "has_planks": "2024-08-29 01:54:12 +0000"
    },
    "done": true
  },
  "mcwbridges:recipes/balustrade_mossy_cobblestone_bridge": {
    "criteria": {
      "has_planks": "2024-08-29 01:54:12 +0000"
    },
    "done": true
  },
  "minecraft:recipes/decorations/mossy_cobblestone_wall": {
    "criteria": {
      "has_mossy_cobblestone": "2024-08-29 01:54:12 +0000"
    },
    "done": true
  },
  "mcwbridges:recipes/mossy_cobblestone_bridge_stair": {
    "criteria": {
      "has_planks": "2024-08-29 01:54:12 +0000"
    },
    "done": true
  },
  "minecraft:recipes/building_blocks/mossy_cobblestone_slab_from_mossy_cobblestone_stonecutting": {
    "criteria": {
      "has_mossy_cobblestone": "2024-08-29 01:54:12 +0000"
    },
    "done": true
  },
  "minecraft:recipes/decorations/mossy_cobblestone_wall_from_mossy_cobblestone_stonecutting": {
    "criteria": {
      "has_mossy_cobblestone": "2024-08-29 01:54:12 +0000"
    },
    "done": true
  },
  "mcwbridges:recipes/mossy_stone_bridge_pier": {
    "criteria": {
      "has_planks": "2024-08-29 01:54:12 +0000"
    },
    "done": true
  },
  "repurposed_structures:witch_huts": {
    "criteria": {
      "in_witch_hut_birch": "2024-08-29 01:55:19 +0000"
    },
    "done": false
  },
  "repurposed_structures:pyramids": {
    "criteria": {
      "in_pyramid_jungle": "2024-08-29 01:56:06 +0000"
    },
    "done": false
  },
  "minecraft:recipes/building_blocks/stone_brick_stairs": {
    "criteria": {
      "has_stone_bricks": "2024-08-29 01:57:05 +0000"
    },
    "done": true
  },
  "minecraft:recipes/building_blocks/chiseled_stone_bricks": {
    "criteria": {
      "has_tag": "2024-08-29 01:57:05 +0000"
    },
    "done": true
  },
  "minecraft:recipes/building_blocks/stone_brick_slab": {
    "criteria": {
      "has_stone_bricks": "2024-08-29 01:57:05 +0000"
    },
    "done": true
  },
  "minecraft:recipes/decorations/stone_brick_wall": {
    "criteria": {
      "has_stone_bricks": "2024-08-29 01:57:07 +0000"
    },
    "done": true
  },
  "minecraft:recipes/building_blocks/cracked_stone_bricks": {
    "criteria": {
      "has_stone_bricks": "2024-08-29 01:57:07 +0000"
    },
    "done": true
  },
  "minecraft:recipes/building_blocks/stone_brick_stairs_from_stone_bricks_stonecutting": {
    "criteria": {
      "has_stone_bricks": "2024-08-29 01:57:07 +0000"
    },
    "done": true
  },
  "minecraft:recipes/decorations/stone_brick_wall_from_stone_bricks_stonecutting": {
    "criteria": {
      "has_stone_bricks": "2024-08-29 01:57:07 +0000"
    },
    "done": true
  },
  "mcwbridges:recipes/balustrade_stone_bricks_bridge": {
    "criteria": {
      "has_planks": "2024-08-29 01:57:07 +0000"
    },
    "done": true
  },
  "minecraft:recipes/building_blocks/stone_brick_slab_from_stone_bricks_stonecutting": {
    "criteria": {
      "has_stone_bricks": "2024-08-29 01:57:07 +0000"
    },
    "done": true
  },
  "minecraft:recipes/building_blocks/chiseled_stone_bricks_from_stone_bricks_stonecutting": {
    "criteria": {
      "has_stone_bricks": "2024-08-29 01:57:07 +0000"
    },
    "done": true
  },
  "mcwbridges:recipes/stone_bridge_pier": {
    "criteria": {
      "has_planks": "2024-08-29 01:57:07 +0000"
    },
    "done": true
  },
  "mcwbridges:recipes/stone_brick_bridge": {
    "criteria": {
      "has_planks": "2024-08-29 01:57:07 +0000"
    },
    "done": true
  },
  "minecraft:recipes/misc/dune_armor_trim_smithing_template_smithing_trim": {
    "criteria": {
      "has_smithing_trim_template": "2024-08-29 01:57:16 +0000"
    },
    "done": true
  },
  "minecraft:recipes/misc/dune_armor_trim_smithing_template": {
    "criteria": {
      "has_dune_armor_trim_smithing_template": "2024-08-29 01:57:16 +0000"
    },
    "done": true
  },
  "minecraft:story/obtain_armor": {
    "criteria": {
      "iron_leggings": "2024-08-29 02:04:48 +0000"
    },
    "done": true
  },
  "minecraft:recipes/food/cooked_porkchop_from_campfire_cooking": {
    "criteria": {
      "has_porkchop": "2024-08-29 02:18:21 +0000"
    },
    "done": true
  },
  "minecraft:recipes/food/cooked_porkchop_from_smoking": {
    "criteria": {
      "has_porkchop": "2024-08-29 02:18:21 +0000"
    },
    "done": true
  },
  "dungeons_arise:find_bathhouse": {
    "criteria": {
      "location0": "2024-08-29 02:21:29 +0000"
    },
    "done": true
  },
  "minecraft:recipes/misc/sugar_from_honey_bottle": {
    "criteria": {
      "has_honey_bottle": "2024-08-29 02:25:16 +0000"
    },
    "done": true
  },
  "minecraft:recipes/redstone/honey_block": {
    "criteria": {
      "has_honey_bottle": "2024-08-29 02:25:16 +0000"
    },
    "done": true
  },
  "minecraft:recipes/decorations/polished_deepslate_wall": {
    "criteria": {
      "has_polished_deepslate": "2024-08-29 02:28:55 +0000"
    },
    "done": true
  },
  "minecraft:recipes/building_blocks/deepslate_bricks": {
    "criteria": {
      "has_polished_deepslate": "2024-08-29 02:28:55 +0000"
    },
    "done": true
  },
  "minecraft:recipes/building_blocks/polished_deepslate_slab": {
    "criteria": {
      "has_polished_deepslate": "2024-08-29 02:28:55 +0000"
    },
    "done": true
  },
  "minecraft:recipes/building_blocks/deepslate_tile_stairs_from_polished_deepslate_stonecutting": {
    "criteria": {
      "has_polished_deepslate": "2024-08-29 02:28:55 +0000"
    },
    "done": true
  },
  "minecraft:recipes/building_blocks/polished_deepslate_stairs_from_polished_deepslate_stonecutting": {
    "criteria": {
      "has_polished_deepslate": "2024-08-29 02:28:55 +0000"
    },
    "done": true
  },
  "minecraft:recipes/building_blocks/deepslate_bricks_from_polished_deepslate_stonecutting": {
    "criteria": {
      "has_polished_deepslate": "2024-08-29 02:28:55 +0000"
    },
    "done": true
  },
  "minecraft:recipes/decorations/deepslate_tile_wall_from_polished_deepslate_stonecutting": {
    "criteria": {
      "has_polished_deepslate": "2024-08-29 02:28:55 +0000"
    },
    "done": true
  },
  "minecraft:recipes/building_blocks/deepslate_brick_slab_from_polished_deepslate_stonecutting": {
    "criteria": {
      "has_polished_deepslate": "2024-08-29 02:28:55 +0000"
    },
    "done": true
  },
  "minecraft:recipes/decorations/polished_deepslate_wall_from_polished_deepslate_stonecutting": {
    "criteria": {
      "has_polished_deepslate": "2024-08-29 02:28:55 +0000"
    },
    "done": true
  },
  "minecraft:recipes/building_blocks/polished_deepslate_slab_from_polished_deepslate_stonecutting": {
    "criteria": {
      "has_polished_deepslate": "2024-08-29 02:28:55 +0000"
    },
    "done": true
  },
  "minecraft:recipes/building_blocks/deepslate_tiles_from_polished_deepslate_stonecutting": {
    "criteria": {
      "has_polished_deepslate": "2024-08-29 02:28:55 +0000"
    },
    "done": true
  },
  "minecraft:recipes/building_blocks/deepslate_tile_slab_from_polished_deepslate_stonecutting": {
    "criteria": {
      "has_polished_deepslate": "2024-08-29 02:28:55 +0000"
    },
    "done": true
  },
  "minecraft:recipes/decorations/deepslate_brick_wall_from_polished_deepslate_stonecutting": {
    "criteria": {
      "has_polished_deepslate": "2024-08-29 02:28:55 +0000"
    },
    "done": true
  },
  "minecraft:recipes/building_blocks/deepslate_brick_stairs_from_polished_deepslate_stonecutting": {
    "criteria": {
      "has_polished_deepslate": "2024-08-29 02:28:55 +0000"
    },
    "done": true
  },
  "minecraft:recipes/building_blocks/polished_deepslate_stairs": {
    "criteria": {
      "has_polished_deepslate": "2024-08-29 02:28:55 +0000"
    },
    "done": true
  },
  "minecraft:story/shiny_gear": {
    "criteria": {
      "diamond_helmet": "2024-08-29 02:29:03 +0000"
    },
    "done": true
  },
  "dungeons_arise:find_small_blimp": {
    "criteria": {
      "location0": "2024-08-29 02:33:38 +0000"
    },
    "done": true
  },
  "minecraft:recipes/redstone/redstone_torch": {
    "criteria": {
      "has_redstone": "2024-08-29 02:35:19 +0000"
    },
    "done": true
  },
  "minecraft:recipes/tools/clock": {
    "criteria": {
      "has_redstone": "2024-08-29 02:35:19 +0000"
    },
    "done": true
  },
  "minecraft:recipes/redstone/note_block": {
    "criteria": {
      "has_redstone": "2024-08-29 02:35:19 +0000"
    },
    "done": true
  },
  "minecraft:recipes/tools/compass": {
    "criteria": {
      "has_redstone": "2024-08-29 02:35:19 +0000"
    },
    "done": true
  },
  "betternether:recipes/transportation/detector_rail": {
    "criteria": {
      "has_redstone": "2024-08-29 02:35:19 +0000"
    },
    "done": true
  },
  "minecraft:recipes/redstone/dropper": {
    "criteria": {
      "has_redstone": "2024-08-29 02:35:19 +0000"
    },
    "done": true
  },
  "minecraft:recipes/redstone/redstone_block": {
    "criteria": {
      "has_redstone": "2024-08-29 02:35:19 +0000"
    },
    "done": true
  },
  "minecraft:recipes/redstone/piston": {
    "criteria": {
      "has_redstone": "2024-08-29 02:35:19 +0000"
    },
    "done": true
  },
  "minecraft:recipes/building_blocks/stone_bricks": {
    "criteria": {
      "has_stone": "2024-08-29 02:35:20 +0000"
    },
    "done": true
  },
  "minecraft:recipes/building_blocks/stone_bricks_from_stone_stonecutting": {
    "criteria": {
      "has_stone": "2024-08-29 02:35:20 +0000"
    },
    "done": true
  },
  "minecraft:recipes/building_blocks/stone_slab": {
    "criteria": {
      "has_stone": "2024-08-29 02:35:20 +0000"
    },
    "done": true
  },
  "minecraft:recipes/building_blocks/stone_stairs_from_stone_stonecutting": {
    "criteria": {
      "has_stone": "2024-08-29 02:35:20 +0000"
    },
    "done": true
  },
  "minecraft:recipes/redstone/stone_button": {
    "criteria": {
      "has_stone": "2024-08-29 02:35:20 +0000"
    },
    "done": true
  },
  "minecraft:recipes/decorations/stonecutter": {
    "criteria": {
      "has_stone": "2024-08-29 02:35:20 +0000"
    },
    "done": true
  },
  "minecraft:recipes/redstone/stone_pressure_plate": {
    "criteria": {
      "has_stone": "2024-08-29 02:35:20 +0000"
    },
    "done": true
  },
  "minecraft:recipes/building_blocks/smooth_stone": {
    "criteria": {
      "has_stone": "2024-08-29 02:35:20 +0000"
    },
    "done": true
  },
  "minecraft:recipes/decorations/stone_brick_walls_from_stone_stonecutting": {
    "criteria": {
      "has_stone": "2024-08-29 02:35:20 +0000"
    },
    "done": true
  },
  "minecraft:recipes/building_blocks/stone_brick_slab_from_stone_stonecutting": {
    "criteria": {
      "has_stone": "2024-08-29 02:35:20 +0000"
    },
    "done": true
  },
  "minecraft:recipes/building_blocks/stone_brick_stairs_from_stone_stonecutting": {
    "criteria": {
      "has_stone": "2024-08-29 02:35:20 +0000"
    },
    "done": true
  },
  "mcwroofs:recipes/stone": {
    "criteria": {
      "has_planks": "2024-08-29 02:35:20 +0000"
    },
    "done": true
  },
  "minecraft:recipes/building_blocks/stone_slab_from_stone_stonecutting": {
    "criteria": {
      "has_stone": "2024-08-29 02:35:20 +0000"
    },
    "done": true
  },
  "mcwroofs:recipes/stone_bricks": {
    "criteria": {
      "has_planks": "2024-08-29 02:35:20 +0000"
    },
    "done": true
  },
  "minecraft:recipes/building_blocks/chiseled_stone_bricks_stone_from_stonecutting": {
    "criteria": {
      "has_stone": "2024-08-29 02:35:20 +0000"
    },
    "done": true
  },
  "minecraft:recipes/building_blocks/stone_stairs": {
    "criteria": {
      "has_stone": "2024-08-29 02:35:20 +0000"
    },
    "done": true
  },
  "minecraft:recipes/building_blocks/bookshelf": {
    "criteria": {
      "has_book": "2024-08-29 02:37:27 +0000"
    },
    "done": true
  },
  "betternether:recipes/building_blocks/wart_bookshelf": {
    "criteria": {
      "has_book": "2024-08-29 02:37:27 +0000"
    },
    "done": true
  },
  "minecraft:recipes/redstone/lectern": {
    "criteria": {
      "has_book": "2024-08-29 02:37:27 +0000"
    },
    "done": true
  },
  "minecraft:recipes/building_blocks/chiseled_bookshelf": {
    "criteria": {
      "has_book": "2024-08-29 02:37:27 +0000"
    },
    "done": true
  },
  "betternether:recipes/building_blocks/nether_mushroom_bookshelf": {
    "criteria": {
      "has_book": "2024-08-29 02:37:27 +0000"
    },
    "done": true
  },
  "minecraft:recipes/misc/writable_book": {
    "criteria": {
      "has_book": "2024-08-29 02:37:27 +0000"
    },
    "done": true
  },
  "betternether:recipes/building_blocks/nether_reed_bookshelf": {
    "criteria": {
      "has_book": "2024-08-29 02:37:27 +0000"
    },
    "done": true
  },
  "betternether:recipes/building_blocks/anchor_tree_bookshelf": {
    "criteria": {
      "has_book": "2024-08-29 02:37:27 +0000"
    },
    "done": true
  },
  "betternether:recipes/building_blocks/willow_bookshelf": {
    "criteria": {
      "has_book": "2024-08-29 02:37:27 +0000"
    },
    "done": true
  },
  "betternether:recipes/building_blocks/rubeus_bookshelf": {
    "criteria": {
      "has_book": "2024-08-29 02:37:27 +0000"
    },
    "done": true
  },
  "betternether:recipes/building_blocks/mushroom_fir_bookshelf": {
    "criteria": {
      "has_book": "2024-08-29 02:37:27 +0000"
    },
    "done": true
  },
  "betternether:recipes/building_blocks/warped_bookshelf": {
    "criteria": {
      "has_book": "2024-08-29 02:37:27 +0000"
    },
    "done": true
  },
  "betternether:recipes/building_blocks/stalagnate_bookshelf": {
    "criteria": {
      "has_book": "2024-08-29 02:37:27 +0000"
    },
    "done": true
  },
  "betternether:recipes/building_blocks/crimson_bookshelf": {
    "criteria": {
      "has_book": "2024-08-29 02:37:27 +0000"
    },
    "done": true
  },
  "betternether:recipes/building_blocks/nether_sakura_bookshelf": {
    "criteria": {
      "has_book": "2024-08-29 02:37:27 +0000"
    },
    "done": true
  },
  "minecraft:recipes/misc/melon_seeds": {
    "criteria": {
      "has_melon": "2024-08-29 02:52:33 +0000"
    },
    "done": true
  },
  "minecraft:recipes/building_blocks/smooth_quartz_slab_from_smooth_quartz_stonecutting": {
    "criteria": {
      "has_smooth_quartz": "2024-08-29 02:39:36 +0000"
    },
    "done": true
  },
  "minecraft:recipes/building_blocks/smooth_quartz_slab": {
    "criteria": {
      "has_smooth_quartz": "2024-08-29 02:39:36 +0000"
    },
    "done": true
  },
  "betternether:recipes/building_blocks/obsidian_glass_smelting": {
    "criteria": {
      "has_block.minecraft.obsidian": "2024-08-29 02:45:19 +0000"
    },
    "done": true
  },
  "inmis:recipes/plated_backpack": {
    "criteria": {
      "has_frayed_backpack": "2024-08-29 02:42:53 +0000"
    },
    "done": true
  },
  "betternether:recipes/building_blocks/obsidian_bricks_slab_stonecutter": {
    "criteria": {
      "has_block.minecraft.obsidian": "2024-08-29 02:45:19 +0000"
    },
    "done": true
  },
  "betternether:recipes/building_blocks/obsidian_tile_stairs_stonecutter": {
    "criteria": {
      "has_block.minecraft.obsidian": "2024-08-29 02:45:19 +0000"
    },
    "done": true
  },
  "inmis:frayed_backpack": {
    "criteria": {
      "backpack": "2024-08-29 02:42:53 +0000"
    },
    "done": true
  },
  "minecraft:recipes/misc/bone_meal_from_bone_block": {
    "criteria": {
      "has_bone_block": "2024-08-29 02:45:45 +0000"
    },
    "done": true
  },
  "betternether:recipes/building_blocks/obsidian_tile_slab_stonecutter": {
    "criteria": {
      "has_block.minecraft.obsidian": "2024-08-29 02:45:19 +0000"
    },
    "done": true
  },
  "inmis:plated_backpack": {
    "criteria": {
      "backpack": "2024-08-29 02:43:11 +0000"
    },
    "done": true
  },
  "betternether:recipes/building_blocks/obsidian_rod_tiles_stonecutting": {
    "criteria": {
      "has_block.minecraft.obsidian": "2024-08-29 02:45:19 +0000"
    },
    "done": true
  },
  "minecraft:recipes/building_blocks/smooth_quartz_stairs_from_smooth_quartz_stonecutting": {
    "criteria": {
      "has_smooth_quartz": "2024-08-29 02:39:36 +0000"
    },
    "done": true
  },
  "betternether:recipes/building_blocks/obsidian_bricks_stonecutter": {
    "criteria": {
      "has_block.minecraft.obsidian": "2024-08-29 02:45:19 +0000"
    },
    "done": true
  },
  "minecraft:recipes/brewing/glistering_melon_slice": {
    "criteria": {
      "has_melon": "2024-08-29 02:52:33 +0000"
    },
    "done": true
  },
  "betternether:recipes/building_blocks/obsidian_tile": {
    "criteria": {
      "has_obsidian": "2024-08-29 02:45:19 +0000"
    },
    "done": true
  },
  "minecraft:recipes/tools/flint_and_steel": {
    "criteria": {
      "has_obsidian": "2024-08-29 02:45:19 +0000"
    },
    "done": true
  },
  "minecraft:story/form_obsidian": {
    "criteria": {
      "obsidian": "2024-08-29 02:45:19 +0000"
    },
    "done": true
  },
  "minecraft:recipes/building_blocks/melon": {
    "criteria": {
      "has_melon": "2024-08-29 02:52:33 +0000"
    },
    "done": true
  },
  "betternether:recipes/building_blocks/obsidian_tile_stonecutter": {
    "criteria": {
      "has_block.minecraft.obsidian": "2024-08-29 02:45:19 +0000"
    },
    "done": true
  },
  "inmis:recipes/gilded_backpack": {
    "criteria": {
      "has_plated_backpack": "2024-08-29 02:43:11 +0000"
    },
    "done": true
  },
  "betternether:recipes/building_blocks/obsidian_tile_small_stonecutter": {
    "criteria": {
      "has_block.minecraft.obsidian": "2024-08-29 02:45:19 +0000"
    },
    "done": true
  },
  "betternether:recipes/building_blocks/obsidian_bricks_stairs_stonecutter": {
    "criteria": {
      "has_block.minecraft.obsidian": "2024-08-29 02:45:19 +0000"
    },
    "done": true
  },
  "minecraft:recipes/decorations/enchanting_table": {
    "criteria": {
      "has_obsidian": "2024-08-29 02:45:19 +0000"
    },
    "done": true
  },
  "minecraft:recipes/building_blocks/smooth_quartz_stairs": {
    "criteria": {
      "has_smooth_quartz": "2024-08-29 02:39:36 +0000"
    },
    "done": true
  },
  "betternether:recipes/building_blocks/bn_bone_block": {
    "criteria": {
      "has_bone_block": "2024-08-29 02:45:45 +0000"
    },
    "done": true
  },
  "DataVersion": 3465
}